"Address","Content Type","Status Code","Status","Indexability","Indexability Status","Title 1","Title 1 Length","Title 1 Pixel Width","Meta Description 1","Meta Description 1 Length","Meta Description 1 Pixel Width","Meta Keywords 1","Meta Keywords 1 Length","H1-1","H1-1 Length","H2-1","H2-1 Length","H2-2","H2-2 Length","Meta Robots 1","X-Robots-Tag 1","Meta Refresh 1","Canonical Link Element 1","rel=""next"" 1","rel=""prev"" 1","HTTP rel=""next"" 1","HTTP rel=""prev"" 1","amphtml Link Element","Size (Bytes)","Transferred (Bytes)","Total Transferred (Bytes)","CO2 (mg)","Carbon Rating","Word Count","Sentence Count","Average Words Per Sentence","Flesch Reading Ease Score","Readability","Text Ratio","Crawl Depth","Folder Depth","Link Score","Inlinks","Unique Inlinks","Unique JS Inlinks","% of Total","Outlinks","Unique Outlinks","Unique JS Outlinks","External Outlinks","Unique External Outlinks","Unique External JS Outlinks","Closest Near Duplicate Match","No. Near Duplicates","Spelling Errors","Grammar Errors","Hash","Response Time","Last Modified","Redirect URL","Redirect Type","Cookies","Language","HTTP Version","Mobile Alternate Link","Closest Semantically Similar Address","Semantic Similarity Score","No. Semantically Similar","Semantic Relevance Score","URL Encoded Address","Crawl Timestamp"
"https://knightlogics.com/","text/html; charset=utf-8","200","OK","Indexable","","Knight Logics | Tampa Bay Websites & Local SEO","46","436","Knight Logics — Tampa Bay websites, local SEO & Google Business Profile systems that rank and convert. Free growth audit for service businesses.","144","908","Tampa Bay business growth systems, local SEO Tampa, web design Safety Harbor, small business automation Florida, Google Business Profile optimization","149","Knight Logics Business Development, Websites & Visibility Systems","65","Talk Through Your Project","25","Business development & websites engineered to outrank & outsell.","64","","","","https://knightlogics.com/","","","","","","232720","42413","42413","6.286","","3449","601","5.739","63.109","Normal","11.053","0","0","","112","97","0","97.980","130","62","0","13","13","0","","","","","810be22cb346b520a9086725eaf3ae5c","0.053","Sat, 25 Jul 2026 17:55:43 GMT","","","","en","1.1","","","","","","https://knightlogics.com/","2026-07-25 14:51:33"
"https://knightlogics.com/pricing?openPackage=website-local-seo-starter","","0","Blocked by robots.txt","Non-Indexable","Blocked by robots.txt","","0","0","","0","0","","0","","0","","0","","0","","","","","","","","","","0","0","0","0.000","","0","","","","","0.000","1","0","","4","3","0","3.030","0","0","0","0","0","0","","","","","","","","","","","","None","","","","","","https://knightlogics.com/pricing?openPackage=website-local-seo-starter","2026-07-25 14:51:34"
"https://knightlogics.com/case-study-screen-team","text/html; charset=utf-8","200","OK","Indexable","","Screen Team LLC Case Study | Knight Logics","42","400","Case study: ScreenTeamLLC.com growth system by Knight Logics with CRM, email automation, social systems, and directory groundwork.","130","856","","0","Performance + Local SEO — Screen Team LLC","41","Site walkthrough & proof","24","Service depth and local SEO for Tampa Bay screen repair","55","index,follow,max-image-preview:large,max-snippet:-1,max-video-preview:-1","","","https://knightlogics.com/case-study-screen-team","","","","","","49849","10742","10742","1.592","","1464","245","5.976","53.529","Fairly Hard","20.581","1","0","","74","39","0","39.390","25","23","0","3","3","0","","","","","1e17b658ac84a5fbb55325b43cb9b63d","0.110","Sat, 25 Jul 2026 18:51:35 GMT","","","","en","1.1","","","","","","https://knightlogics.com/case-study-screen-team","2026-07-25 14:51:34"
"https://knightlogics.com/style.css?v=20260725pricing4","text/css; charset=utf-8","200","OK","Indexable","","","0","0","","0","0","","0","","0","","0","","0","","","","","","","","","","0","0","0","0.000","","0","","","","","0.000","1","0","","0","0","0","0.000","0","0","0","0","0","0","","","","","","0.115","Sat, 25 Jul 2026 17:53:49 GMT","","","","","1.1","","","","","","https://knightlogics.com/style.css?v=20260725pricing4","2026-07-25 14:51:34"
"https://knightlogics.com/images/videoforge-app-icon.webp","image/webp","200","OK","Indexable","","","0","0","","0","0","","0","","0","","0","","0","","","","","","","","","","50582","50582","50582","7.496","","0","","","","","0.000","1","1","","0","0","0","0.000","0","0","0","0","0","0","","","","","","0.193","Sat, 25 Jul 2026 18:51:35 GMT","","","","","1.1","","","","","","https://knightlogics.com/images/videoforge-app-icon.webp","2026-07-25 14:51:34"
"https://knightlogics.com/case-study-sals-painting","text/html; charset=utf-8","200","OK","Indexable","","Sal's Painting Case Study | Knight Logics","41","361","Case study: Sal's Painting starter site by Knight Logics with GA4, Clarity, Search Console, and core technical SEO.","115","694","","0","Live Client Build — Sal's Painting & Basic Renovations","54","Site walkthrough & proof","24","What This Build Includes","24","index,follow,max-image-preview:large,max-snippet:-1,max-video-preview:-1","","","https://knightlogics.com/case-study-sals-painting","","","","","","45062","9625","9625","1.426","","1045","191","5.471","52.969","Fairly Hard","16.565","1","0","","12","8","0","8.080","25","23","0","4","4","0","","","","","cc72bd4a0cdbdf3fc8a52ba04afbc8ce","0.189","Sat, 25 Jul 2026 18:51:35 GMT","","","","en","1.1","","","","","","https://knightlogics.com/case-study-sals-painting","2026-07-25 14:51:34"
"https://knightlogics.com/ticketing-invoicing-job-workflows","text/html; charset=utf-8","200","OK","Indexable","","Ticketing, Invoicing & Job Workflows | Knight Logics","52","460","Ticketing, invoicing & job workflows — field photos, PDF proof, Stripe invoices, and portal closeout paths for Tampa Bay contractors and vendors.","145","893","contractor job tracking software, ticket invoice workflow, field service invoicing","82","Ticketing, Invoicing & Job Workflow Systems","43","One path from portal ticket to paid invoice","43","Portal tickets, photos, and invoices live in disconnected tools","63","","","","https://knightlogics.com/ticketing-invoicing-job-workflows","","","","","","29184","6063","6063","0.899","","1059","168","6.304","60.236","Normal","23.987","1","0","","17","8","0","8.080","14","8","0","0","0","0","","","","","557aacc947b3edd40f461198077103a","0.076","Sat, 25 Jul 2026 18:51:35 GMT","","","","en","1.1","","","","","","https://knightlogics.com/ticketing-invoicing-job-workflows","2026-07-25 14:51:34"
"https://knightlogics.com/automation","text/html; charset=utf-8","200","OK","Indexable","","Business Automation Systems | Knight Logics","43","408","Business automation systems — CRM outreach, Email-Agent, social posting, referral tracking, and ops tools for small businesses.","127","794","business automation Tampa, CRM automation demo, workflow automation small business, Knight Logics automation","108","Websites are the front door. Automation is what keeps the business moving.","74","What we automate","16","Automation systems in action","28","index,follow,max-image-preview:large,max-snippet:-1,max-video-preview:-1","","","https://knightlogics.com/automation","","","","","","46004","9412","9412","1.395","","1267","227","5.581","59.346","Fairly Hard","19.303","1","0","","44","38","0","38.380","41","31","0","0","0","0","","","","","4180edef27448a01b4ff96e8c583d561","0.119","Sat, 25 Jul 2026 18:51:35 GMT","","","","en","1.1","","","","","","https://knightlogics.com/automation","2026-07-25 14:51:34"
"https://knightlogics.com/package-local-launch","text/html; charset=utf-8","200","OK","Indexable","","Local Site ($1,200 · up to 15 pages) | Knight Logics","52","448","Local Site $1,200 — custom-coded domain-backed website with up to 15 live pages, search foundations, exact inclusions, and clear upgrade paths.","143","903","","0","Local Site","10","Why Local Site is worth $1,200","30","Exactly included","16","","","","https://knightlogics.com/package-local-launch","","","","","","17205","5352","5352","0.793","","1058","152","6.961","74.549","Fairly Easy","37.148","1","0","","11","8","0","8.080","23","12","0","1","1","0","","","","","fa78999624bc6ddaf7a36282b2fd5e7f","0.149","Sat, 25 Jul 2026 18:51:35 GMT","","","","en","1.1","","","","","","https://knightlogics.com/package-local-launch","2026-07-25 14:51:34"
"https://knightlogics.com/images/showcase/client-logos/jns-logo.webp","image/webp","200","OK","Indexable","","","0","0","","0","0","","0","","0","","0","","0","","","","","","","","","","4008","4008","4008","0.594","","0","","","","","0.000","1","3","","0","0","0","0.000","0","0","0","0","0","0","","","","","","0.161","Sat, 25 Jul 2026 18:51:36 GMT","","","","","1.1","","","","","","https://knightlogics.com/images/showcase/client-logos/jns-logo.webp","2026-07-25 14:51:35"
"https://knightlogics.com/privacy-policy","text/html; charset=utf-8","200","OK","Indexable","","Privacy Policy | Knight Logics","30","259","How Knight Logics collects, uses, and protects personal information submitted through the website, contact forms, and checkout.","127","801","","0","Privacy Policy","14","Who We Are","10","Information We Collect","22","","","","https://knightlogics.com/privacy-policy","","","","","","11845","3988","3988","0.591","","568","104","5.462","56.965","Fairly Hard","33.916","1","0","","55","53","0","53.540","23","21","0","4","4","0","","","","","3711e7f8bc91bb329a8e5d990f616f10","0.075","Sat, 25 Jul 2026 18:51:36 GMT","","","","en","1.1","","","","","","https://knightlogics.com/privacy-policy","2026-07-25 14:51:35"
"https://knightlogics.com/online-ordering-systems","text/html; charset=utf-8","200","OK","Indexable","","E-Commerce & Online Ordering Systems | Knight Logics","52","495","Online ordering & e-commerce systems — menus, order-ahead checkout, Stripe flows, and owned-domain storefronts for Tampa Bay restaurants and retailers.","151","974","online ordering restaurant Tampa, e-commerce ordering system, Stripe order ahead","80","E-Commerce & Online Ordering Systems","36","Owned-domain ordering without POS lock-in","41","Restaurant and retail sites stall at PDF menus and manual orders","64","","","","https://knightlogics.com/online-ordering-systems","","","","","","27921","5726","5726","0.849","","917","154","5.955","42.478","Hard","22.978","1","0","","7","4","0","4.040","14","9","0","0","0","0","","","","","afc2b4b512a4290c528a8c25ba452ccf","0.104","Sat, 25 Jul 2026 18:51:36 GMT","","","","en","1.1","","","","","","https://knightlogics.com/online-ordering-systems","2026-07-25 14:51:35"
"https://knightlogics.com/crm-outreach-lead-generation","text/html; charset=utf-8","200","OK","Indexable","","CRM Outreach & Lead Generation | Knight Logics","46","435","CRM outreach & outbound lead gen — contractor email, property manager lists, send caps, and Email-Agent reply routing.","118","747","CRM outreach, outbound lead generation, contractor email outreach, property manager outreach, send caps reply routing","117","CRM Outreach & Lead Generation Systems","38","Production outreach, not spreadsheet Gmail","42","Manual outreach mixes lists, templates, and sender reputation","61","","","","https://knightlogics.com/crm-outreach-lead-generation","","","","","","32597","6694","6694","0.992","","1283","197","6.513","62.544","Normal","26.460","1","0","","18","11","0","11.110","14","7","0","0","0","0","","","","","a54c4b7bcf3487e184a408e884bbb640","0.107","Sat, 25 Jul 2026 18:51:36 GMT","","","","en","1.1","","","","","","https://knightlogics.com/crm-outreach-lead-generation","2026-07-25 14:51:35"
"https://knightlogics.com/case-study-knight-group","text/html; charset=utf-8","200","OK","Indexable","","Knight Group Case Study | Local SEO & Website Proof","51","476","Knight Group case study — handyman website, booking flow, local SEO & Google Business alignment for a Central Florida growth system.","132","847","","0","Performance + Local SEO — Knight Group","38","Site walkthrough & proof","24","A local service site built for Performance + Local SEO","54","index,follow,max-image-preview:large,max-snippet:-1,max-video-preview:-1","","","https://knightlogics.com/case-study-knight-group","","","","","","63975","12798","12798","1.897","","1687","287","5.878","55.138","Fairly Hard","18.292","1","0","","70","38","0","38.380","26","23","0","6","6","0","","","","","e96ec189f7ad96236fc596be3d97923f","0.097","Sat, 25 Jul 2026 18:51:36 GMT","","","","en","1.1","","","","","","https://knightlogics.com/case-study-knight-group","2026-07-25 14:51:35"
"https://knightlogics.com/images/showcase/client-logos/roof-monsters-logo.webp","image/webp","200","OK","Indexable","","","0","0","","0","0","","0","","0","","0","","0","","","","","","","","","","30266","30266","30266","4.485","","0","","","","","0.000","1","3","","0","0","0","0.000","0","0","0","0","0","0","","","","","","0.072","Sat, 25 Jul 2026 18:51:36 GMT","","","","","1.1","","","","","","https://knightlogics.com/images/showcase/client-logos/roof-monsters-logo.webp","2026-07-25 14:51:35"
"https://knightlogics.com/videoforge","text/html; charset=utf-8","200","OK","Indexable","","VideoForge Studio | Free Windows Ranked Video App","49","472","VideoForge Studio — free Windows app for ranked local video with FFmpeg clips, overlays, captions, and export. Windows 10/11 only. By Knight Logics.","148","932","","0","VideoForge Studio","17","Upload, sequence, render, export.","33","Official Demo Video Coming Soon","31","","","","https://knightlogics.com/videoforge","","","","","","24177","6053","6053","0.897","","755","124","6.089","51.961","Fairly Hard","23.145","1","0","","6","6","0","6.060","26","24","0","5","3","0","","","","","2a829add4aa3961494f87a0395f98bc6","0.154","Sat, 25 Jul 2026 18:51:36 GMT","","","","en","1.1","","","","","","https://knightlogics.com/videoforge","2026-07-25 14:51:35"
"https://knightlogics.com/images/GithubIcon.webp","image/webp","200","OK","Indexable","","","0","0","","0","0","","0","","0","","0","","0","","","","","","","","","","25808","25808","25808","3.825","","0","","","","","0.000","1","1","","0","0","0","0.000","0","0","0","0","0","0","","","","","","0.057","Sat, 25 Jul 2026 17:53:51 GMT","","","","","1.1","","","","","","https://knightlogics.com/images/GithubIcon.webp","2026-07-25 14:51:35"
"https://knightlogics.com/nicholas-knight","text/html; charset=utf-8","200","OK","Indexable","","Nicholas Knight | Tampa Bay Web Design & SEO","44","425","Nicholas Knight, Knight Logics founder in Safety Harbor — hand-coded websites, local SEO, GBP work, automation, and shipped Windows apps for Tampa Bay.","151","980","Nicholas Knight web developer, Knight Logics founder, Tampa Bay web designer, Safety Harbor developer","101","Nicholas Knight builds the systems behind Knight Logics.","56","Implementation first. Not a template shop.","42","Where to verify the work","24","","","","https://knightlogics.com/nicholas-knight","","","","","","28426","6541","6541","0.969","","548","90","6.089","47.665","Hard","14.595","1","0","","22","21","0","21.210","34","28","0","5","4","0","","","","","55fdb99f5252dfd306b8f8551b66436e","0.088","Sat, 25 Jul 2026 18:51:36 GMT","","","","en","1.1","","","","","","https://knightlogics.com/nicholas-knight","2026-07-25 14:51:35"
"https://knightlogics.com/starting-a-new-business","text/html; charset=utf-8","200","OK","Indexable","","Starting a New Business | Knight Logics","39","353","Starting a new business? Sequenced launch: foundation, package, Website Audit gate, GBP and website publish — plus separate growth systems for maximum…","151","986","starting a new business website, new business website, how to get my business on Google, small business website cost, website for new LLC, new business Google Business Profile","175","Starting a New Business — From Registration to Growth Systems","61","How we help you start a new business","36","Most “launches” skip the business and rush the page","51","","","","https://knightlogics.com/starting-a-new-business","","","","","","41547","8342","8342","1.236","","2051","280","7.325","69.097","Normal","30.501","1","0","","3","2","0","2.020","26","19","0","0","0","0","","","","","65f2719a9dd65e66de62b6c26ebe02fd","0.104","Sat, 25 Jul 2026 18:51:36 GMT","","","","en","1.1","","","","","","https://knightlogics.com/starting-a-new-business","2026-07-25 14:51:35"
"https://knightlogics.com/pricing?openPackage=website-preview-launch","","0","Blocked by robots.txt","Non-Indexable","Blocked by robots.txt","","0","0","","0","0","","0","","0","","0","","0","","","","","","","","","","0","0","0","0.000","","0","","","","","0.000","1","0","","4","3","0","3.030","0","0","0","0","0","0","","","","","","","","","","","","None","","","","","","https://knightlogics.com/pricing?openPackage=website-preview-launch","2026-07-25 14:51:35"
"https://knightlogics.com/llms.txt","text/plain; charset=utf-8","200","OK","Non-Indexable","noindex","","0","0","","0","0","","0","","0","","0","","0","","noindex","","","","","","","","0","0","0","0.000","","0","","","","","0.000","1","0","","34","33","0","33.330","0","0","0","0","0","0","","","","","","0.146","Sat, 25 Jul 2026 18:51:36 GMT","","","","","1.1","","","","","","https://knightlogics.com/llms.txt","2026-07-25 14:51:35"
"https://knightlogics.com/case-study-moms-resin-tables","text/html; charset=utf-8","200","OK","Indexable","","Mom's Resin Tables Case Study | Knight Logics","45","419","Case study: MomsResinTables.com e-commerce launch by Knight Logics with custom builder, login, order tracking, and Stripe checkout.","131","837","","0","E-Commerce Launch — Mom's Resin Tables","38","Storefront walkthrough & proof","30","Full e-commerce platform with product catalog, custom builder, and user authentication","86","index,follow,max-image-preview:large,max-snippet:-1,max-video-preview:-1","","","https://knightlogics.com/case-study-moms-resin-tables","","","","","","47330","10119","10119","1.500","","1295","222","5.833","50.398","Fairly Hard","19.768","1","0","","8","6","0","6.060","25","23","0","3","3","0","","","","","8ce4ce00ecead7926ad5b67e71f8a67","0.177","Sat, 25 Jul 2026 18:51:36 GMT","","","","en","1.1","","","","","","https://knightlogics.com/case-study-moms-resin-tables","2026-07-25 14:51:35"
"https://knightlogics.com/display-control-plus","text/html; charset=utf-8","200","OK","Indexable","","Display Control+ | Knight Logics","32","281","Windows utility for per-monitor OLED and LCD protection with tray controls, idle detection modes, and persistent overlays.","122","751","","0","Display Control+","16","Protect idle screens. Keep active screens untouched.","52","Introduction Video Coming Soon","30","","","","https://knightlogics.com/display-control-plus","","","","","","22602","5414","5414","0.802","","601","115","5.226","33.175","Hard","21.467","1","0","","6","4","0","4.040","24","21","0","5","3","0","","","","","11f271e7a3744ed6a905e6d9e2bc917d","0.073","Sat, 25 Jul 2026 18:51:36 GMT","","","","en","1.1","","","","","","https://knightlogics.com/display-control-plus","2026-07-25 14:51:35"
"https://knightlogics.com/package-max-authority","text/html; charset=utf-8","200","OK","Indexable","","Max Authority Site ($4,500 · up to 40 pages PROJECT) | Knight Logics","68","615","Max Authority Site $4,500 — up to 40 individually researched and planned pages with conversion architecture, technical implementation, measurement, QA, and a GBP pass.","167","1060","","0","Max Authority Site","18","Included","8","Excluded (sold separately)","26","","","","https://knightlogics.com/package-max-authority","","","","","","15923","4591","4591","0.680","","917","150","6.113","58.738","Fairly Hard","37.666","1","0","","11","5","0","5.050","23","8","0","0","0","0","","","","","fd0f39e68216a3cc6011ea5e56e1c826","0.081","Sat, 25 Jul 2026 18:51:36 GMT","","","","en","1.1","","","","","","https://knightlogics.com/package-max-authority","2026-07-25 14:51:35"
"https://knightlogics.com/images/Knight%20Group%20Logo.webp","image/webp","200","OK","Indexable","","","0","0","","0","0","","0","","0","","0","","0","","","","","","","","","","13636","13636","13636","2.021","","0","","","","","0.000","1","1","","0","0","0","0.000","0","0","0","0","0","0","","","","","","0.146","Sat, 25 Jul 2026 18:51:36 GMT","","","","","1.1","","","","","","https://knightlogics.com/images/Knight%20Group%20Logo.webp","2026-07-25 14:51:35"
"https://knightlogics.com/referral-network-systems","text/html; charset=utf-8","200","OK","Indexable","","Referral Network Systems | Knight Logics","40","369","Referral tracking & partner attribution — /ref paths, QR brochures, Neon events, and earned vs paid dashboards.","111","691","referral tracking, partner attribution, QR referral, referral payout dashboard","78","Referral Network & Tracking Systems","35","Partner attribution that scales trust","37","Partner referrals are impossible to attribute fairly","52","","","","https://knightlogics.com/referral-network-systems","","","","","","31457","6236","6236","0.924","","1133","197","5.751","62.710","Normal","24.515","1","0","","30","13","0","13.130","14","9","0","0","0","0","","","","","973e422c87549cf3cfe32f4b8d19f286","0.170","Sat, 25 Jul 2026 18:51:36 GMT","","","","en","1.1","","","","","","https://knightlogics.com/referral-network-systems","2026-07-25 14:51:35"
"https://knightlogics.com/demos/preview-launch/","text/html; charset=utf-8","200","OK","Non-Indexable","noindex","Harbor Line Painting | Tampa Bay Preview Launch Sample","54","518","Harbor Line Painting demonstration site — interior and exterior painting across Tampa Bay. Knight Logics Preview Launch sample.","127","805","","0","Paint that looks finished — not rushed.","39","What we paint","13","Prep first. Then paint.","23","noindex,follow","noindex, nofollow, noarchive","","","","","","","","8645","2565","2565","0.380","","274","52","5.269","64.089","Normal","25.656","1","2","","4","3","0","3.030","26","15","0","0","0","0","","","","","89485441ac1e801a16f6dadb65fe16d8","0.093","Sat, 25 Jul 2026 18:51:36 GMT","","","","en","1.1","","","","","","https://knightlogics.com/demos/preview-launch/","2026-07-25 14:51:35"
"https://knightlogics.com/images/ManCavesLogo.webp","image/webp","200","OK","Indexable","","","0","0","","0","0","","0","","0","","0","","0","","","","","","","","","","33868","33868","33868","5.019","","0","","","","","0.000","1","1","","0","0","0","0.000","0","0","0","0","0","0","","","","","","0.094","Sat, 25 Jul 2026 18:51:36 GMT","","","","","1.1","","","","","","https://knightlogics.com/images/ManCavesLogo.webp","2026-07-25 14:51:35"
"https://knightlogics.com/pricing?openPackage=website-local-launch-max","","0","Blocked by robots.txt","Non-Indexable","Blocked by robots.txt","","0","0","","0","0","","0","","0","","0","","0","","","","","","","","","","0","0","0","0.000","","0","","","","","0.000","1","0","","4","3","0","3.030","0","0","0","0","0","0","","","","","","","","","","","","None","","","","","","https://knightlogics.com/pricing?openPackage=website-local-launch-max","2026-07-25 14:51:35"
"https://knightlogics.com/pricing","text/html; charset=utf-8","200","OK","Indexable","","Tampa Bay Web Design & SEO Pricing | Knight Logics","50","473","Outcome-first pricing for websites, e-commerce, visibility, and operations — from a $200 preview to scoped authority networks and managed growth systems.","153","972","web design pricing Tampa, local SEO cost Florida, small business website price, growth systems pricing","102","Clear packages for the next stage of your business","50","Move from a preview to a researched authority network","53","Choose the lightest checkout that fits how you sell","51","index,follow,max-image-preview:large,max-snippet:-1,max-video-preview:-1","","","https://knightlogics.com/pricing","","","","","","135788","20572","20572","3.049","","3481","680","5.119","58.808","Fairly Hard","17.746","1","0","","106","39","0","39.390","67","58","0","0","0","0","","","","","85346643a36952db4bf372a2674e13ed","0.061","Sat, 25 Jul 2026 17:53:49 GMT","","","","en","1.1","","","","","","https://knightlogics.com/pricing","2026-07-25 14:51:35"
"https://knightlogics.com/disclaimer","text/html; charset=utf-8","200","OK","Indexable","","Service Disclaimer | Knight Logics","34","302","Disclaimer for Knight Logics. Important limitations and disclosures regarding our website design, local SEO, and automation services.","133","820","","0","Disclaimer","10","General Information","19","Portfolio Demo Applications","27","","","","https://knightlogics.com/disclaimer","","","","","","9766","3441","3441","0.510","","373","60","6.217","37.449","Hard","30.385","1","0","","35","33","0","33.330","21","20","0","0","0","0","","","","","f9f398d4874b4b89cfb7eeca8520e6de","0.067","Sat, 25 Jul 2026 18:51:36 GMT","","","","en","1.1","","","","","","https://knightlogics.com/disclaimer","2026-07-25 14:51:35"
"https://knightlogics.com/images/showcase/knight-group-showcase.webp","image/webp","200","OK","Indexable","","","0","0","","0","0","","0","","0","","0","","0","","","","","","","","","","44482","44482","44482","6.592","","0","","","","","0.000","1","2","","0","0","0","0.000","0","0","0","0","0","0","","","","","","0.106","Sat, 25 Jul 2026 18:51:36 GMT","","","","","1.1","","","","","","https://knightlogics.com/images/showcase/knight-group-showcase.webp","2026-07-25 14:51:35"
"https://knightlogics.com/terms-of-service","text/html; charset=utf-8","200","OK","Indexable","","Terms of Service | Knight Logics","32","288","Terms of Service for Knight Logics. Terms and conditions for custom website design, local SEO, e-commerce, and automation services.","131","827","","0","Terms of Service","16","Acceptance of Terms","19","Services","8","","","","https://knightlogics.com/terms-of-service","","","","","","11350","3811","3811","0.565","","491","80","6.138","54.149","Fairly Hard","31.812","1","0","","55","53","0","53.540","21","20","0","0","0","0","","","","","57318cc26f4a8389bb437fd0cf41a5dd","0.110","Sat, 25 Jul 2026 18:51:36 GMT","","","","en","1.1","","","","","","https://knightlogics.com/terms-of-service","2026-07-25 14:51:35"
"https://knightlogics.com/web-designer-tampa","text/html; charset=utf-8","200","OK","Indexable","","Web Design Tampa FL | Hand-Coded Sites That Rank","48","471","Web design Tampa FL — hand-coded sites for Hillsborough County service businesses with local SEO, GBP alignment, and Tampa Bay case studies. Free audit.","152","976","Tampa web designer, web design Tampa FL, Tampa website designer, local SEO Tampa, Hillsborough County web design","112","Tampa Web Designer for Service Businesses","41","Talk Through Your Project","25","Why Tampa needs a stronger website than a template","50","","","","https://knightlogics.com/web-designer-tampa","","","","","","40233","9818","9818","1.455","","1549","222","6.977","61.848","Normal","27.156","1","0","","71","53","0","53.540","61","36","0","0","0","0","","","","","ce938a215e00a514b288b50efafcff3","0.110","Sat, 25 Jul 2026 18:51:36 GMT","","","","en","1.1","","","","","","https://knightlogics.com/web-designer-tampa","2026-07-25 14:51:35"
"https://knightlogics.com/service-websites","text/html; charset=utf-8","200","OK","Indexable","","Custom Website Design & Local SEO Tampa Bay","43","431","Custom website design & local SEO for Tampa Bay — hand-coded sites, schema, Google Business alignment, and conversion paths built to rank and book jobs.","152","975","Tampa Bay web design, small business website designer, hand-coded websites Florida, local SEO website, Google Business Profile website alignment","144","Custom Websites That Rank & Convert","35","What's Included","15","Live Sites & Case Studies","25","","","","https://knightlogics.com/service-websites","","","","","","61430","13236","13236","1.962","","1989","343","5.799","60.417","Normal","22.556","1","0","","116","56","0","56.570","88","51","0","0","0","0","","","","","1f60808abcd8e3b7a72eefba6b707d06","0.103","Sat, 25 Jul 2026 18:51:36 GMT","","","","en","1.1","","","","","","https://knightlogics.com/service-websites","2026-07-25 14:51:36"
"https://knightlogics.com/cookie-policy","text/html; charset=utf-8","200","OK","Indexable","","Website Cookie Policy | Knight Logics","37","333","Cookie Policy for Knight Logics. Details on cookies used by Google Analytics, Microsoft Clarity, and Stripe on our website.","123","743","","0","Cookie Policy","13","What Are Cookies","16","Cookies We Use","14","","","","https://knightlogics.com/cookie-policy","","","","","","10437","3543","3543","0.525","","396","75","5.280","58.126","Fairly Hard","28.447","1","0","","2","2","0","2.020","21","20","0","4","4","0","","","","","28eb5672d7c663a7a88849204f2429f4","0.207","Sat, 25 Jul 2026 18:51:36 GMT","","","","en","1.1","","","","","","https://knightlogics.com/cookie-policy","2026-07-25 14:51:35"
"https://knightlogics.com/images/showcase/faith-works-og-card.jpg","image/jpeg","200","OK","Indexable","","","0","0","","0","0","","0","","0","","0","","0","","","","","","","","","","212588","212588","212588","31.506","","0","","","","","0.000","1","2","","0","0","0","0.000","0","0","0","0","0","0","","","","","","0.127","Sat, 25 Jul 2026 18:51:37 GMT","","","","","1.1","","","","","","https://knightlogics.com/images/showcase/faith-works-og-card.jpg","2026-07-25 14:51:36"
"https://knightlogics.com/auto-vid-compiler","text/html; charset=utf-8","200","OK","Indexable","","Auto Vid Compiler | Knight Logics","33","298","Windows app that turns a folder of clips into a highlight reel with intro, music, end trimming, overlap-aware sequencing, and one-click export.","143","862","","0","Auto Vid Compiler","17","Point it at a folder. Get back a finished video.","48","What It Does","12","","","","https://knightlogics.com/auto-vid-compiler","","","","","","22662","5634","5634","0.835","","698","121","5.769","75.656","Fairly Easy","20.550","1","0","","5","5","0","5.050","25","22","0","5","3","0","","","","","19297e644bdac4db581ee0667649686","0.080","Sat, 25 Jul 2026 18:51:37 GMT","","","","en","1.1","","","","","","https://knightlogics.com/auto-vid-compiler","2026-07-25 14:51:36"
"https://knightlogics.com/images/Display-Control-Plus-Logo.webp","image/webp","200","OK","Indexable","","","0","0","","0","0","","0","","0","","0","","0","","","","","","","","","","32690","32690","32690","4.845","","0","","","","","0.000","1","1","","0","0","0","0.000","0","0","0","0","0","0","","","","","","0.085","Sat, 25 Jul 2026 18:51:37 GMT","","","","","1.1","","","","","","https://knightlogics.com/images/Display-Control-Plus-Logo.webp","2026-07-25 14:51:36"
"https://knightlogics.com/case-studies","text/html; charset=utf-8","200","OK","Indexable","","Website Case Studies | Knight Logics","36","331","Knight Logics case studies — live Tampa Bay growth systems for trades, contractors, e-commerce, and automation with SEO depth.","126","812","web design case studies Tampa, local SEO case studies Florida, contractor website examples, growth system proof","111","Case Studies & Growth System Proof","34","Client work, launch examples, and internal proof","48","What these case studies are meant to show","41","","","","https://knightlogics.com/case-studies","","","","","","37052","6732","6732","0.998","","908","169","5.373","55.754","Fairly Hard","18.065","1","0","","109","60","0","60.610","46","37","0","0","0","0","","","","","f6a4c6d5d83d1cf31d236663893107b3","0.156","Sat, 25 Jul 2026 18:51:37 GMT","","","","en","1.1","","","","","","https://knightlogics.com/case-studies","2026-07-25 14:51:36"
"https://knightlogics.com/experiments/hero-asteroids/hero-experiment.css?v=20260724hero4","text/css; charset=utf-8","200","OK","Indexable","","","0","0","","0","0","","0","","0","","0","","0","","","","","","","","","","0","0","0","0.000","","0","","","","","0.000","1","2","","0","0","0","0.000","0","0","0","0","0","0","","","","","","0.104","Sat, 25 Jul 2026 18:51:37 GMT","","","","","1.1","","","","","","https://knightlogics.com/experiments/hero-asteroids/hero-experiment.css?v=20260724hero4","2026-07-25 14:51:36"
"https://knightlogics.com/contact","text/html; charset=utf-8","200","OK","Indexable","","Contact Knight Logics | Tampa Bay Web Design & SEO","50","481","Contact Knight Logics in Safety Harbor — web design, local SEO & GBP. Call (813) 773-5553 or book a free consult.","113","707","contact Knight Logics, Tampa web developer contact, Safety Harbor web design, business growth systems Florida","109","Contact Knight Logics — Tampa Bay Web Design & SEO","50","Request a Free Consultation","27","Popular Starting Packages","25","","","","https://knightlogics.com/contact","","","","","","36195","9245","9245","1.370","","769","126","6.103","68.845","Normal","15.932","1","0","","84","38","0","38.380","24","23","0","5","5","0","","","","","d9cb485fdc823665e2daac96ef8b8e21","0.122","Sat, 25 Jul 2026 17:53:51 GMT","","","","en","1.1","","","","","","https://knightlogics.com/contact","2026-07-25 14:51:36"
"https://knightlogics.com/service-ai-automation","text/html; charset=utf-8","200","OK","Indexable","","Business Automation & API Integration | Knight Logics","53","481","Business automation for Tampa Bay — webhooks, internal tools, email routing, CRM integrations, and ops dashboards.","114","734","business automation Tampa, AI workflow automation small business, API integration Florida, internal tools developer","115","Automation, APIs & Internal Tools","33","Operations control center — not one-off scripts","47","What's Included","15","","","","https://knightlogics.com/service-ai-automation","","","","","","52342","12467","12467","1.848","","1483","232","6.392","44.553","Hard","20.668","1","0","","16","12","0","12.120","30","27","0","0","0","0","","","","","d87753b6f6c7d7edafbd05b309c3e4fb","0.179","Sat, 25 Jul 2026 18:51:37 GMT","","","","en","1.1","","","","","","https://knightlogics.com/service-ai-automation","2026-07-25 14:51:36"
"https://knightlogics.com/package-authority-site","text/html; charset=utf-8","200","OK","Indexable","","Authority Site ($2,000 · up to 30 pages) | Knight Logics","56","481","Authority Site $2,000 — up to 30 planned live pages across services and priority areas, with one GBP setup or optimization pass included.","137","842","","0","Authority Site","14","Included","8","Also consider","13","","","","https://knightlogics.com/package-authority-site","","","","","","18816","5317","5317","0.788","","1284","184","6.978","67.449","Normal","42.570","1","0","","8","6","0","6.060","23","9","0","0","0","0","","","","","420c3fd3c3a0b17e81a1a759e47cacc1","0.187","Sat, 25 Jul 2026 18:51:37 GMT","","","","en","1.1","","","","","","https://knightlogics.com/package-authority-site","2026-07-25 14:51:36"
"https://knightlogics.com/images/pixelforge_logo.webp","image/webp","200","OK","Indexable","","","0","0","","0","0","","0","","0","","0","","0","","","","","","","","","","93450","93450","93450","13.849","","0","","","","","0.000","1","1","","0","0","0","0.000","0","0","0","0","0","0","","","","","","0.177","Sat, 25 Jul 2026 18:51:37 GMT","","","","","1.1","","","","","","https://knightlogics.com/images/pixelforge_logo.webp","2026-07-25 14:51:36"
"https://knightlogics.com/case-study-evidencedesk-ai","text/html; charset=utf-8","200","OK","Indexable","","EvidenceDesk AI Case Study | Knight Logics","42","388","Case study: Knight Logics turned EvidenceDesk AI's legal-tech workflow into a conversion-ready site — attorney intake, trust pages, and product architecture.","157","966","","0","EvidenceDesk AI turns a complex legal-document workflow into a trust-first product website.","91","Audited against the real product","32","Product site walkthrough","24","index,follow,max-image-preview:large,max-snippet:-1,max-video-preview:-1","","","https://knightlogics.com/case-study-evidencedesk-ai","","","","","","41663","9201","9201","1.364","","1251","186","6.726","50.690","Fairly Hard","21.149","1","0","","34","33","0","33.330","26","22","0","18","11","0","","","","","bac2bbaedf6f8988b8e15a4214420532","0.185","Sat, 25 Jul 2026 18:51:37 GMT","","","","en","1.1","","","","","","https://knightlogics.com/case-study-evidencedesk-ai","2026-07-25 14:51:36"
"https://knightlogics.com/package-demo-preview","text/html; charset=utf-8","200","OK","Indexable","","Demo Preview Site ($200) | Knight Logics","40","369","Demo Preview Site — $200. Custom-coded GitHub Pages demo with no custom domain and intentional noindex. Validate layout and offer before a full build. Example: Farrell Electric.","177","1111","","0","Demo Preview Site","17","What this is","12","What this is not","16","","","","https://knightlogics.com/package-demo-preview","","","","","","16718","4920","4920","0.729","","1074","151","7.113","78.230","Fairly Easy","37.018","1","0","","8","7","0","7.070","10","8","0","1","1","0","","","","","cfc5487eda7c01356019bb9c65543f4c","0.065","Sat, 25 Jul 2026 18:51:37 GMT","","","","en","1.1","","","","","","https://knightlogics.com/package-demo-preview","2026-07-25 14:51:36"
"https://knightlogics.com/business-growth-systems","text/html; charset=utf-8","200","OK","Indexable","","Business Growth Systems | Knight Logics","39","368","Business growth systems for Tampa Bay — websites, local SEO, GBP, CRM outreach, automation, and referral tracking.","114","734","small business growth systems, Tampa Bay local SEO, CRM outreach automation, referral tracking","94","Business Growth Systems for Small & Local Companies","51","One stack — not five tabs","25","Find and grade the leads worth your send window","47","","","","https://knightlogics.com/business-growth-systems","","","","","","46089","9325","9325","1.382","","2153","303","7.106","64.805","Normal","30.164","1","0","","29","20","0","20.200","29","22","0","0","0","0","","","","","1fbd8c13da9b89f2cd6a162460054959","0.104","Sat, 25 Jul 2026 18:51:37 GMT","","","","en","1.1","","","","","","https://knightlogics.com/business-growth-systems","2026-07-25 14:51:36"
"https://knightlogics.com/website-growth-audit","text/html; charset=utf-8","200","OK","Indexable","","Website & Business Growth Audit | Knight Logics","47","433","Free website & growth audit — technical SEO, speed, schema, GBP alignment, and conversion fixes for Tampa Bay businesses.","121","776","free website audit Tampa, website growth audit, local SEO audit small business","78","Website & Business Growth Audit","31","Baseline before build scope","27","Owners get generic SEO reports that ignore how the business sells","65","","","","https://knightlogics.com/website-growth-audit","","","","","","27066","6012","6012","0.891","","991","154","6.435","62.519","Normal","23.995","1","0","","174","88","0","88.890","14","9","0","0","0","0","","","","","fafd36edb8dee8333c1bc546cf683e93","0.071","Sat, 25 Jul 2026 18:51:37 GMT","","","","en","1.1","","","","","","https://knightlogics.com/website-growth-audit","2026-07-25 14:51:36"
"https://knightlogics.com/web-designer-palm-harbor","text/html; charset=utf-8","200","OK","Indexable","","Web Design Palm Harbor FL | Hand-Coded Sites That Rank","54","521","Web design Palm Harbor FL — hand-coded sites for Pinellas County service businesses with local SEO, GBP alignment, and Tampa Bay case studies. Free audit.","154","980","Palm Harbor web designer, web design Palm Harbor FL, Palm Harbor website designer, local SEO Palm Harbor, Pinellas County web design","132","Palm Harbor Web Designer for Service Businesses","47","Talk Through Your Project","25","Why Palm Harbor needs a stronger website than a template","56","","","","https://knightlogics.com/web-designer-palm-harbor","","","","","","40636","9837","9837","1.458","","1598","226","7.071","63.546","Normal","27.478","1","0","","63","53","0","53.540","61","36","0","0","0","0","","","","","2ba0608b6ccdd8e67c80f5eb0a38055b","0.107","Sat, 25 Jul 2026 18:51:37 GMT","","","","en","1.1","","","","","","https://knightlogics.com/web-designer-palm-harbor","2026-07-25 14:51:36"
"https://knightlogics.com/images/showcase/client-logos/faith-works-logo.webp","image/webp","200","OK","Indexable","","","0","0","","0","0","","0","","0","","0","","0","","","","","","","","","","23434","23434","23434","3.473","","0","","","","","0.000","1","3","","0","0","0","0.000","0","0","0","0","0","0","","","","","","0.074","Sat, 25 Jul 2026 18:51:37 GMT","","","","","1.1","","","","","","https://knightlogics.com/images/showcase/client-logos/faith-works-logo.webp","2026-07-25 14:51:36"
"https://knightlogics.com/attribution.js","application/javascript; charset=utf-8","200","OK","Indexable","","","0","0","","0","0","","0","","0","","0","","0","","","","","","","","","","0","0","0","0.000","","0","","","","","0.000","1","0","","0","0","0","0.000","0","0","0","0","0","0","","","","","","0.044","Sat, 25 Jul 2026 17:53:51 GMT","","","","","1.1","","","","","","https://knightlogics.com/attribution.js","2026-07-25 14:51:36"
"https://knightlogics.com/script.js?v=20260725showcase1","application/javascript; charset=utf-8","200","OK","Indexable","","","0","0","","0","0","","0","","0","","0","","0","","","","","","","","","","0","0","0","0.000","","0","","","","","0.000","1","0","","0","0","0","0.000","0","0","0","0","0","0","","","","","","0.050","Sat, 25 Jul 2026 17:53:49 GMT","","","","","1.1","","","","","","https://knightlogics.com/script.js?v=20260725showcase1","2026-07-25 14:51:36"
"https://knightlogics.com/case-study-jns","text/html; charset=utf-8","200","OK","Indexable","","Custom Website + GBP Case Study — JNSBuilds.com | Knight Logics","63","610","Case study: JNSBuilds.com — custom website + GBP bundle by Knight Logics with 11 pages, FAQPage schema, analytics, and local-search-ready technical SEO.","152","986","","0","Custom Website + GBP — JNS Construction","39","Contractor site proof","21","What Was Delivered in This Build","32","index,follow,max-image-preview:large,max-snippet:-1,max-video-preview:-1","","","https://knightlogics.com/case-study-jns","","","","","","58328","11350","11350","1.682","","1185","218","5.436","61.888","Normal","13.956","1","0","","59","34","0","34.340","26","23","0","5","5","0","","","","","c53590343fd6124a642952d1b9b4836a","0.150","Sat, 25 Jul 2026 18:51:37 GMT","","","","en","1.1","","","","","","https://knightlogics.com/case-study-jns","2026-07-25 14:51:36"
"https://knightlogics.com/book-consultation","text/html; charset=utf-8","200","OK","Indexable","","Book a Consultation | Knight Logics","35","314","Book a free Knight Logics consult — website, local SEO, growth systems, automation, or referral network with Nicholas Knight.","125","777","book web design consultation Tampa, free business growth consultation, Knight Logics consult, local SEO strategy call","117","Book a Consultation With Knight Logics","38","Choose the Best-Fit Consultation","32","Request Your Consultation Time","30","","","","https://knightlogics.com/book-consultation","","","","","","31511","7656","7656","1.135","","696","111","6.270","66.156","Normal","17.420","1","0","","149","82","0","82.830","24","23","0","0","0","0","","","","","d7472004788df8a7a6bcb89fe8292fb4","0.039","Sat, 25 Jul 2026 17:55:43 GMT","","","","en","1.1","","","","","","https://knightlogics.com/book-consultation","2026-07-25 14:51:36"
"https://knightlogics.com/package-preview-launch","text/html; charset=utf-8","200","OK","Indexable","","Preview Launch Site ($750 · up to 10 pages) | Knight Logics","59","527","Preview Launch Site $750 — a custom-coded, intentional-noindex preview with up to 10 pages and a credit toward a production website.","132","839","","0","Preview Launch Site","19","Included","8","Usually not included yet","24","","","","https://knightlogics.com/package-preview-launch","","","","","","16468","4818","4818","0.714","","1071","153","7.000","74.291","Fairly Easy","38.943","1","0","","8","6","0","6.060","14","9","0","0","0","0","","","","","2ea2bc0c9ec81a47317aee4016f2b741","0.238","Sat, 25 Jul 2026 18:51:37 GMT","","","","en","1.1","","","","","","https://knightlogics.com/package-preview-launch","2026-07-25 14:51:36"
"https://knightlogics.com/pricing?openPackage=ops-growth-system-starter","","0","Blocked by robots.txt","Non-Indexable","Blocked by robots.txt","","0","0","","0","0","","0","","0","","0","","0","","","","","","","","","","0","0","0","0.000","","0","","","","","0.000","1","0","","4","2","0","2.020","0","0","0","0","0","0","","","","","","","","","","","","None","","","","","","https://knightlogics.com/pricing?openPackage=ops-growth-system-starter","2026-07-25 14:51:37"
"https://knightlogics.com/images/linkedin-icon.webp","image/webp","200","OK","Indexable","","","0","0","","0","0","","0","","0","","0","","0","","","","","","","","","","922","922","922","0.137","","0","","","","","0.000","1","1","","0","0","0","0.000","0","0","0","0","0","0","","","","","","0.044","Sat, 25 Jul 2026 17:53:51 GMT","","","","","1.1","","","","","","https://knightlogics.com/images/linkedin-icon.webp","2026-07-25 14:51:37"
"https://knightlogics.com/llms-full.txt","text/plain; charset=utf-8","200","OK","Non-Indexable","noindex","","0","0","","0","0","","0","","0","","0","","0","","noindex","","","","","","","","0","0","0","0.000","","0","","","","","0.000","1","0","","34","33","0","33.330","0","0","0","0","0","0","","","","","","0.257","Sat, 25 Jul 2026 18:51:37 GMT","","","","","1.1","","","","","","https://knightlogics.com/llms-full.txt","2026-07-25 14:51:36"
"https://knightlogics.com/images/showcase/client-logos/moms-resin-logo.webp","image/webp","200","OK","Indexable","","","0","0","","0","0","","0","","0","","0","","0","","","","","","","","","","20434","20434","20434","3.028","","0","","","","","0.000","1","3","","0","0","0","0.000","0","0","0","0","0","0","","","","","","0.078","Sat, 25 Jul 2026 18:51:38 GMT","","","","","1.1","","","","","","https://knightlogics.com/images/showcase/client-logos/moms-resin-logo.webp","2026-07-25 14:51:37"
"https://knightlogics.com/web-designer-st-petersburg","text/html; charset=utf-8","200","OK","Indexable","","Web Design St. Petersburg FL | Hand-Coded Sites That Rank","57","536","Web design St. Petersburg FL — hand-coded sites for Pinellas County service businesses with local SEO, GBP alignment, and Tampa Bay case studies. Free audit.","157","990","St. Petersburg web designer, web design St. Petersburg FL, St. Petersburg website designer, local SEO St. Petersburg, Pinellas County web design","144","St. Petersburg Web Designer for Service Businesses","50","Talk Through Your Project","25","Why St. Petersburg needs a stronger website than a template","59","","","","https://knightlogics.com/web-designer-st-petersburg","","","","","","40835","9852","9852","1.460","","1597","276","5.786","65.083","Normal","27.653","1","0","","64","53","0","53.540","61","36","0","0","0","0","","","","","52213fd1c95d36996434f593df66d81c","0.305","Sat, 25 Jul 2026 18:51:37 GMT","","","","en","1.1","","","","","","https://knightlogics.com/web-designer-st-petersburg","2026-07-25 14:51:36"
"https://knightlogics.com/home-service-websites","text/html; charset=utf-8","200","OK","Indexable","","Home Service Website Design Tampa Bay | Knight Logics","53","510","Home service websites for Tampa Bay trades — call-first conversion, service silos, city pages, schema, and GBP map-pack alignment.","130","816","home service website Tampa, contractor website design, local SEO home services, handyman website Tampa Bay","106","Home Service Website Design for Contractors, Trades, and Local Service Businesses","81","Why most contractor websites underperform","41","What a home service website actually needs","42","","","","https://knightlogics.com/home-service-websites","","","","","","23982","6266","6266","0.929","","1009","140","7.207","63.774","Normal","28.871","1","0","","4","4","0","4.040","35","25","0","0","0","0","","","","","4efc3d44b35d2ba30d5e9d63d2212d9c","0.151","Sat, 25 Jul 2026 18:51:38 GMT","","","","en","1.1","","","","","","https://knightlogics.com/home-service-websites","2026-07-25 14:51:37"
"https://knightlogics.com/service-ecommerce","text/html; charset=utf-8","200","OK","Indexable","","E-Commerce Development | Knight Logics","38","376","E-commerce and online ordering builds for Tampa Bay — Shopify, Stripe checkout, custom storefronts, inventory logic, and conversion-focused product pages.","154","974","e-commerce development Tampa, online store Florida, Shopify developer Tampa Bay, Stripe checkout integration","108","E-Commerce & Data Systems","25","What's Included","15","The Technology Stack","20","","","","https://knightlogics.com/service-ecommerce","","","","","","55248","12263","12263","1.817","","1523","243","6.267","47.382","Hard","20.028","1","0","","2","2","0","2.020","24","23","0","0","0","0","","","","","a33970739afad8ccf58c54d01de3d878","0.126","Sat, 25 Jul 2026 18:51:38 GMT","","","","en","1.1","","","","","","https://knightlogics.com/service-ecommerce","2026-07-25 14:51:37"
"https://knightlogics.com/images/KnightLogicsLogo2.webp","image/webp","200","OK","Indexable","","","0","0","","0","0","","0","","0","","0","","0","","","","","","","","","","3758","3758","3758","0.557","","0","","","","","0.000","1","1","","0","0","0","0.000","0","0","0","0","0","0","","","","","","0.046","Sat, 25 Jul 2026 17:53:49 GMT","","","","","1.1","","","","","","https://knightlogics.com/images/KnightLogicsLogo2.webp","2026-07-25 14:51:37"
"https://knightlogics.com/case-study-faith-works","text/html; charset=utf-8","200","OK","Indexable","","Faith Works Outdoor Services Case Study | Knight Logics","55","505","Faith Works case study — 82-page land clearing growth system with OutreachEngine lane, schema, GA4, and GBP alignment.","118","770","","0","Performance + Local SEO — Faith Works Outdoor Services","54","Site proof & local SEO depth","28","Land clearing service depth + local SEO architecture for Central Florida","72","index,follow,max-image-preview:large,max-snippet:-1,max-video-preview:-1","","","https://knightlogics.com/case-study-faith-works","","","","","","49307","10202","10202","1.512","","1496","229","6.533","62.673","Normal","20.296","1","0","","20","9","0","9.090","25","23","0","4","4","0","","","","","ed2ccd248c2778cdf20d471cf508cf1d","0.182","Sat, 25 Jul 2026 18:51:38 GMT","","","","en","1.1","","","","","","https://knightlogics.com/case-study-faith-works","2026-07-25 14:51:37"
"https://knightlogics.com/images/showcase/client-logos/farrell-electric-logo.webp","image/webp","200","OK","Indexable","","","0","0","","0","0","","0","","0","","0","","0","","","","","","","","","","7472","7472","7472","1.107","","0","","","","","0.000","1","3","","0","0","0","0.000","0","0","0","0","0","0","","","","","","0.169","Sat, 25 Jul 2026 18:51:38 GMT","","","","","1.1","","","","","","https://knightlogics.com/images/showcase/client-logos/farrell-electric-logo.webp","2026-07-25 14:51:37"
"https://knightlogics.com/package-authority-network","text/html; charset=utf-8","200","OK","Indexable","","Authority Network (from $6,500 · 60–100+ pages SCOPED) | Knight Logics","70","657","Authority Network from $6,500 — 60–100+ page SCOPED SEO/GEO/AEO website network with GBP setup or optimization. Deposit or consult before full charge.","150","988","","0","Authority Network","17","Included","8","Excluded (sold separately)","26","","","","https://knightlogics.com/package-authority-network","","","","","","13684","4070","4070","0.603","","713","112","6.366","58.938","Fairly Hard","34.567","1","0","","13","5","0","5.050","17","6","0","0","0","0","","","","","135a3d44a8278e875e7beed0f32e2848","0.076","Sat, 25 Jul 2026 18:51:38 GMT","","","","en","1.1","","","","","","https://knightlogics.com/package-authority-network","2026-07-25 14:51:37"
"https://knightlogics.com/images/showcase/client-logos/sals-painting-logo.webp","image/webp","200","OK","Indexable","","","0","0","","0","0","","0","","0","","0","","0","","","","","","","","","","22428","22428","22428","3.324","","0","","","","","0.000","1","3","","0","0","0","0.000","0","0","0","0","0","0","","","","","","0.121","Sat, 25 Jul 2026 18:51:38 GMT","","","","","1.1","","","","","","https://knightlogics.com/images/showcase/client-logos/sals-painting-logo.webp","2026-07-25 14:51:37"
"https://knightlogics.com/case-study-knight-logics","text/html; charset=utf-8","200","OK","Indexable","","KnightLogics.com Case Study | Knight Logics","43","401","Case study: KnightLogics.com portfolio site built to prove technical SEO, accessibility, speed, rich results, and conversion structure.","135","804","","0","Portfolio & Local SEO — KnightLogics.com","40","Platform walkthrough & proof","28","A Portfolio That Practices What It Preaches","43","index,follow,max-image-preview:large,max-snippet:-1,max-video-preview:-1","","","https://knightlogics.com/case-study-knight-logics","","","","","","46547","9614","9614","1.425","","807","138","5.848","63.778","Normal","12.185","1","0","","35","33","0","33.330","27","23","0","4","4","0","","","","","6deb155a2244238aec9d712c441dda45","0.108","Sat, 25 Jul 2026 18:51:38 GMT","","","","en","1.1","","","","","","https://knightlogics.com/case-study-knight-logics","2026-07-25 14:51:37"
"https://knightlogics.com/pixelforge-ai","text/html; charset=utf-8","200","OK","Indexable","","PixelForge AI (PixForge) | Free Windows Upscaler + Credits","58","525","PixelForge AI (PixForge) — free Windows video & image upscaler with Real-ESRGAN, compare previews, ETA, and in-app Stripe credit packs. Windows 10/11 only. Built by Knight Logics.","179","1131","","0","PixelForge AI","13","Preview first. Commit later.","28","Built For Real Video Cleanup","28","","","","https://knightlogics.com/pixelforge-ai","","","","","","28564","7309","7309","1.083","","954","151","6.318","62.083","Normal","22.908","1","0","","7","7","0","7.070","28","23","0","5","4","0","","","","","cda114b42408a287935ccc865c82e04","0.192","Sat, 25 Jul 2026 18:51:38 GMT","","","","en","1.1","","","","","","https://knightlogics.com/pixelforge-ai","2026-07-25 14:51:37"
"https://knightlogics.com/service-desktop-apps","text/html; charset=utf-8","200","OK","Indexable","","Custom Desktop Apps | PixelForge & More","39","376","Custom Windows desktop apps — PixelForge AI, VideoForge Studio, and Display Control+. Proof Knight Logics ships software.","121","778","","0","Desktop Applications & Custom Software","38","Shipped Products","16","Automation inside shipped applications","38","","","","https://knightlogics.com/service-desktop-apps","","","","","","34136","8179","8179","1.212","","695","120","5.792","44.659","Hard","15.292","1","0","","18","7","0","7.070","27","24","0","0","0","0","","","","","390ea57e43051113201eb4224481b481","0.154","Sat, 25 Jul 2026 18:51:38 GMT","","","","en","1.1","","","","","","https://knightlogics.com/service-desktop-apps","2026-07-25 14:51:37"
"https://knightlogics.com/pricing?openPackage=website-demo-preview","","0","Blocked by robots.txt","Non-Indexable","Blocked by robots.txt","","0","0","","0","0","","0","","0","","0","","0","","","","","","","","","","0","0","0","0.000","","0","","","","","0.000","1","0","","5","4","0","4.040","0","0","0","0","0","0","","","","","","","","","","","","None","","","","","","https://knightlogics.com/pricing?openPackage=website-demo-preview","2026-07-25 14:51:37"
"https://knightlogics.com/images/showcase/roof-monsters-showcase-400.webp","image/webp","200","OK","Indexable","","","0","0","","0","0","","0","","0","","0","","0","","","","","","","","","","10044","10044","10044","1.489","","0","","","","","0.000","1","2","","0","0","0","0.000","0","0","0","0","0","0","","","","","","0.170","Sat, 25 Jul 2026 18:51:38 GMT","","","","","1.1","","","","","","https://knightlogics.com/images/showcase/roof-monsters-showcase-400.webp","2026-07-25 14:51:37"
"https://knightlogics.com/package-growth-system","text/html; charset=utf-8","200","OK","Indexable","","Growth & Automation System | Knight Logics","42","400","Growth Systems from Knight Logics — Website + Systems from $5,000 setup + $397/mo or Systems-only from $2,500 setup + $397/mo, with Starter, Full, and Field Ops boundaries.","172","1111","","0","Growth & Automation System","26","Why Growth pricing is split","27","Website + Systems","17","","","","https://knightlogics.com/package-growth-system","","","","","","27703","7078","7078","1.049","","1623","243","6.679","66.875","Normal","37.139","1","0","","10","6","0","6.060","31","22","0","0","0","0","","","","","a34793f543e9fa3cb2e8ba79896c933d","0.078","Sat, 25 Jul 2026 18:51:38 GMT","","","","en","1.1","","","","","","https://knightlogics.com/package-growth-system","2026-07-25 14:51:37"
"https://knightlogics.com/service-google-business-profile","text/html; charset=utf-8","200","OK","Indexable","","GBP Optimization Tampa Bay | Map Pack Fixes That Get Calls","58","551","GBP optimization Tampa Bay — categories, reviews, Q&A, posts, and website alignment for map-pack calls. Free GBP audit.","119","760","Google Business Profile optimization Tampa, GBP optimization services Tampa, Google Business Profile management Tampa Bay, local map pack, Safety Harbor GBP","156","GBP Optimization Tampa Bay for Service Businesses That Need Map-Pack Calls","74","Google Business Profiles we manage with real review data","56","The profile should match how the business wants to be found.","60","","","","https://knightlogics.com/service-google-business-profile","","","","","","33694","7633","7633","1.131","","1228","175","7.017","55.658","Fairly Hard","25.183","1","0","","143","55","0","55.560","41","23","0","0","0","0","","","","","a28a62aa96b28e73a4fec505896b9aa9","0.075","Sat, 25 Jul 2026 18:51:38 GMT","","","","en","1.1","","","","","","https://knightlogics.com/service-google-business-profile","2026-07-25 14:51:37"
"https://knightlogics.com/web-designer-clearwater","text/html; charset=utf-8","200","OK","Indexable","","Web Design Clearwater FL | Hand-Coded Sites That Rank","53","506","Web design Clearwater FL — hand-coded sites for Pinellas County service businesses with local SEO, GBP alignment, and Tampa Bay case studies. Free audit.","153","969","Clearwater web designer, web design Clearwater FL, Clearwater website designer, local SEO Clearwater, Pinellas County web design","128","Clearwater Web Designer for Service Businesses","46","Talk Through Your Project","25","Why Clearwater needs a stronger website than a template","55","","","","https://knightlogics.com/web-designer-clearwater","","","","","","40531","9817","9817","1.455","","1545","226","6.836","59.334","Fairly Hard","27.386","1","0","","68","53","0","53.540","61","36","0","0","0","0","","","","","29a32ff018b0ad1091c7712df2ad0207","0.100","Sat, 25 Jul 2026 18:51:38 GMT","","","","en","1.1","","","","","","https://knightlogics.com/web-designer-clearwater","2026-07-25 14:51:37"
"https://knightlogics.com/case-study-roof-monsters","text/html; charset=utf-8","200","OK","Indexable","","Roof Monsters Case Study | Knight Logics","40","371","Roof Monsters case study — live Tampa Bay roofing site with 79+ pages, 97 Lighthouse, estimate-first CTAs, and local SEO.","121","759","roofing website case study, Tampa Bay roofing SEO, roofmonsters.co, contractor growth system","92","Roof Monsters — Tampa Bay Roofing Growth System","47","Site walkthrough & proof","24","A roofing brand site built for referrals and local search","57","","","","https://knightlogics.com/case-study-roof-monsters","","","","","","35011","8283","8283","1.228","","1633","236","6.919","62.214","Normal","30.713","1","0","","17","8","0","8.080","16","10","0","3","2","0","","","","","f6af17d885046514585dad5824203457","0.107","Sat, 25 Jul 2026 18:51:38 GMT","","","","en","1.1","","","","","","https://knightlogics.com/case-study-roof-monsters","2026-07-25 14:51:37"
"https://knightlogics.com/case-study-farrell-electric","text/html; charset=utf-8","200","OK","Indexable","","Farrell Electric Demo Preview Case Study | Knight Logics","56","504","Case study: Farrell Electric Demo Preview by Knight Logics. GitHub Pages demo built from Facebook photos — no custom domain, intentionally not indexed for search.","162","1024","","0","Demo Preview — Farrell Electric","31","Preview launch walkthrough","26","Demo Preview electrician site on GitHub Pages","45","index,follow,max-image-preview:large,max-snippet:-1,max-video-preview:-1","","","https://knightlogics.com/case-study-farrell-electric","","","","","","39804","8788","8788","1.302","","984","159","6.189","62.649","Normal","16.447","1","0","","13","7","0","7.070","29","26","0","3","3","0","","","","","22793f8a279ec63b70716b02ba7f0072","0.044","Sat, 25 Jul 2026 17:54:04 GMT","","","","en","1.1","","","","","","https://knightlogics.com/case-study-farrell-electric","2026-07-25 14:51:37"
"https://knightlogics.com/images/B-Magic%27s%20Auto%20Vid%20Compiler.webp","image/webp","200","OK","Indexable","","","0","0","","0","0","","0","","0","","0","","0","","","","","","","","","","131080","131080","131080","19.426","","0","","","","","0.000","1","1","","0","0","0","0.000","0","0","0","0","0","0","","","","","","0.147","Sat, 25 Jul 2026 18:51:38 GMT","","","","","1.1","","","","","","https://knightlogics.com/images/B-Magic%27s%20Auto%20Vid%20Compiler.webp","2026-07-25 14:51:37"
"https://knightlogics.com/images/showcase/client-logos/knight-group-logo.webp","image/webp","200","OK","Indexable","","","0","0","","0","0","","0","","0","","0","","0","","","","","","","","","","13636","13636","13636","2.021","","0","","","","","0.000","1","3","","0","0","0","0.000","0","0","0","0","0","0","","","","","","0.069","Sat, 25 Jul 2026 18:51:38 GMT","","","","","1.1","","","","","","https://knightlogics.com/images/showcase/client-logos/knight-group-logo.webp","2026-07-25 14:51:37"
"https://knightlogics.com/referral-program","text/html; charset=utf-8","200","OK","Indexable","","Referral Partner Program | Knight Logics","40","362","Knight Logics referral partner program — earn for qualified intros to website, local SEO, and growth system projects.","117","714","web design referral program Tampa, agency referral partner, Knight Logics referrals, business introduction program","114","Refer growing businesses. Get tracked. Get paid.","48","Two brochure formats for real conversations","43","Approve partners, generate QR links, and show them where their referrals go.","76","","","","https://knightlogics.com/referral-program","","","","","","26484","5890","5890","0.873","","567","99","5.727","52.860","Fairly Hard","15.901","1","0","","18","13","0","13.130","25","21","0","0","0","0","","","","","e1fc45c335a5b6943999edf3ddedf310","0.165","Sat, 25 Jul 2026 18:51:38 GMT","","","","en","1.1","","","","","","https://knightlogics.com/referral-program","2026-07-25 14:51:37"
"https://knightlogics.com/images/showcase/client-logos/screen-team-logo.webp?v=20260715st1","image/webp","200","OK","Indexable","","","0","0","","0","0","","0","","0","","0","","0","","","","","","","","","","55510","55510","55510","8.227","","0","","","","","0.000","1","3","","0","0","0","0.000","0","0","0","0","0","0","","","","","","0.129","Sat, 25 Jul 2026 18:51:38 GMT","","","","","1.1","","","","","","https://knightlogics.com/images/showcase/client-logos/screen-team-logo.webp?v=20260715st1","2026-07-25 14:51:37"
"https://knightlogics.com/pricing?openPackage=website-local-launch-plus","","0","Blocked by robots.txt","Non-Indexable","Blocked by robots.txt","","0","0","","0","0","","0","","0","","0","","0","","","","","","","","","","0","0","0","0.000","","0","","","","","0.000","1","0","","4","3","0","3.030","0","0","0","0","0","0","","","","","","","","","","","","None","","","","","","https://knightlogics.com/pricing?openPackage=website-local-launch-plus","2026-07-25 14:51:38"
"https://knightlogics.com/images/screen-team-showcase-800.webp","image/webp","200","OK","Indexable","","","0","0","","0","0","","0","","0","","0","","0","","","","","","","","","","69916","69916","69916","10.362","","0","","","","","0.000","1","1","","0","0","0","0.000","0","0","0","0","0","0","","","","","","0.161","Sat, 25 Jul 2026 18:51:38 GMT","","","","","1.1","","","","","","https://knightlogics.com/images/screen-team-showcase-800.webp","2026-07-25 14:51:37"
"https://knightlogics.com/refund-policy","text/html; charset=utf-8","200","OK","Indexable","","Website Refund Policy | Knight Logics","37","335","Refund Policy for Knight Logics. Refund terms for flat-rate website design and SEO packages purchased through Stripe checkout.","126","798","","0","Refund Policy","13","Overview","8","Website & Service Packages","26","","","","https://knightlogics.com/refund-policy","","","","","","10982","3825","3825","0.567","","548","89","6.157","63.651","Normal","34.756","1","0","","35","33","0","33.330","21","20","0","0","0","0","","","","","b3075a214b63fd8f9cb43cc3a3fb815a","0.162","Sat, 25 Jul 2026 18:51:38 GMT","","","","en","1.1","","","","","","https://knightlogics.com/refund-policy","2026-07-25 14:51:37"
"https://knightlogics.com/experiments/hero-asteroids/hero-experiment.js?v=20260724hero4","application/javascript; charset=utf-8","200","OK","Indexable","","","0","0","","0","0","","0","","0","","0","","0","","","","","","","","","","0","0","0","0.000","","0","","","","","0.000","1","2","","0","0","0","0.000","0","0","0","0","0","0","","","","","","0.125","Sat, 25 Jul 2026 18:51:38 GMT","","","","","1.1","","","","","","https://knightlogics.com/experiments/hero-asteroids/hero-experiment.js?v=20260724hero4","2026-07-25 14:51:38"
"https://knightlogics.com/referral-verify","","0","Blocked by robots.txt","Non-Indexable","Blocked by robots.txt","","0","0","","0","0","","0","","0","","0","","0","","","","","","","","","","0","0","0","0.000","","0","","","","","0.000","2","0","","3","1","0","1.010","0","0","0","0","0","0","","","","","","","","","","","","None","","","","","","https://knightlogics.com/referral-verify","2026-07-25 14:51:38"
"https://knightlogics.com/service-local-seo","text/html; charset=utf-8","200","OK","Indexable","","Local SEO Tampa Bay | Technical SEO Services | Knight Logics","60","555","Local SEO for Tampa Bay — technical cleanup, service-area pages, schema, Search Console, and map-pack readiness across Pinellas & Hillsborough.","143","914","local SEO Tampa Bay, Tampa local SEO services, map pack optimization, service area pages Florida, small business local search","125","Local SEO for Tampa Bay — Fix What Actually Blocks Rankings","59","Search visibility is usually a stack problem.","45","The main local SEO lanes","24","","","","https://knightlogics.com/service-local-seo","","","","","","27923","7463","7463","1.106","","1110","159","6.981","52.728","Fairly Hard","27.692","1","0","","104","55","0","55.560","40","24","0","0","0","0","","","","","fe09c3fee95a7bfe104898d88d104f58","0.171","Sat, 25 Jul 2026 18:51:39 GMT","","","","en","1.1","","","","","","https://knightlogics.com/service-local-seo","2026-07-25 14:51:38"
"https://knightlogics.com/web-designer-safety-harbor","text/html; charset=utf-8","200","OK","Indexable","","Web Design Safety Harbor FL | Hand-Coded Sites That Rank","56","531","Web design Safety Harbor FL — hand-coded sites for Pinellas County service businesses with local SEO, GBP alignment, and Tampa Bay case studies. Free audit.","156","988","Safety Harbor web designer, web design Safety Harbor FL, Safety Harbor website designer, local SEO Safety Harbor, Pinellas County web design","140","Safety Harbor Web Designer for Service Businesses","49","Talk Through Your Project","25","Why Safety Harbor needs a stronger website than a template","58","","","","https://knightlogics.com/web-designer-safety-harbor","","","","","","40780","9845","9845","1.459","","1601","227","7.053","58.694","Fairly Hard","27.616","1","0","","69","53","0","53.540","61","36","0","0","0","0","","","","","1e4886c641bad51dbeae4f56bc2f5af3","0.122","Sat, 25 Jul 2026 18:51:39 GMT","","","","en","1.1","","","","","","https://knightlogics.com/web-designer-safety-harbor","2026-07-25 14:51:38"
"https://knightlogics.com/style.css?v=20260715city1","text/css; charset=utf-8","200","OK","Indexable","","","0","0","","0","0","","0","","0","","0","","0","","","","","","","","","","0","0","0","0.000","","0","","","","","0.000","2","0","","0","0","0","0.000","0","0","0","0","0","0","","","","","","0.048","Sat, 25 Jul 2026 17:53:49 GMT","","","","","1.1","","","","","","https://knightlogics.com/style.css?v=20260715city1","2026-07-25 14:51:38"
"https://knightlogics.com/images/referral-brochures-printopt/brochure--fastsigns-clearwater--FASTCLR250--web.webp","image/webp","200","OK","Indexable","","","0","0","","0","0","","0","","0","","0","","0","","","","","","","","","","129996","129996","129996","19.265","","0","","","","","0.000","2","2","","0","0","0","0.000","0","0","0","0","0","0","","","","","","0.213","Sat, 25 Jul 2026 18:51:39 GMT","","","","","1.1","","","","","","https://knightlogics.com/images/referral-brochures-printopt/brochure--fastsigns-clearwater--FASTCLR250--web.webp","2026-07-25 14:51:38"
"https://knightlogics.com/images/service-areas/safety-harbor.jpg","image/jpeg","200","OK","Indexable","","","0","0","","0","0","","0","","0","","0","","0","","","","","","","","","","237759","237759","237759","35.236","","0","","","","","0.000","2","2","","0","0","0","0.000","0","0","0","0","0","0","","","","","","0.124","Sat, 25 Jul 2026 18:51:39 GMT","","","","","1.1","","","","","","https://knightlogics.com/images/service-areas/safety-harbor.jpg","2026-07-25 14:51:38"
"https://knightlogics.com/service-area-page-strategy","text/html; charset=utf-8","200","OK","Indexable","","Service Area Page Strategy | Knight Logics","42","380","Service-area page strategy — city and county pages with internal linking, schema, and crawl depth for wide-radius Tampa Bay trades.","131","819","service area pages SEO, city landing pages contractor, local SEO geography strategy","83","Service Area Page Strategy for Local Businesses","47","Hub and city architecture that matches crew radius","50","Copy-paste city pages hurt more than they help","46","","","","https://knightlogics.com/service-area-page-strategy","","","","","","29100","6007","6007","0.890","","1026","164","6.256","58.743","Fairly Hard","22.934","2","0","","6","4","0","4.040","14","8","0","0","0","0","","","","","58dd959b8fac95c46e136b98103b0904","0.159","Sat, 25 Jul 2026 18:51:39 GMT","","","","en","1.1","","","","","","https://knightlogics.com/service-area-page-strategy","2026-07-25 14:51:38"
"https://knightlogics.com/script.js?v=20260715city1","application/javascript; charset=utf-8","200","OK","Indexable","","","0","0","","0","0","","0","","0","","0","","0","","","","","","","","","","0","0","0","0.000","","0","","","","","0.000","2","0","","0","0","0","0.000","0","0","0","0","0","0","","","","","","0.110","Sat, 25 Jul 2026 17:53:49 GMT","","","","","1.1","","","","","","https://knightlogics.com/script.js?v=20260715city1","2026-07-25 14:51:38"
"https://knightlogics.com/images/referral-brochures/Knight_Logics_Referral_Partner_Program_preview.png","image/png","200","OK","Indexable","","","0","0","","0","0","","0","","0","","0","","0","","","","","","","","","","289278","289278","289278","42.871","","0","","","","","0.000","2","2","","0","0","0","0.000","0","0","0","0","0","0","","","","","","0.193","Sat, 25 Jul 2026 18:51:39 GMT","","","","","1.1","","","","","","https://knightlogics.com/images/referral-brochures/Knight_Logics_Referral_Partner_Program_preview.png","2026-07-25 14:51:38"
"https://knightlogics.com/images/screen-team/services/pool-enclosures.jpg","image/jpeg","200","OK","Indexable","","","0","0","","0","0","","0","","0","","0","","0","","","","","","","","","","183003","183003","183003","27.121","","0","","","","","0.000","2","3","","0","0","0","0.000","0","0","0","0","0","0","","","","","","0.139","Sat, 25 Jul 2026 18:51:39 GMT","","","","","1.1","","","","","","https://knightlogics.com/images/screen-team/services/pool-enclosures.jpg","2026-07-25 14:51:38"
"https://knightlogics.com/images/screen-team/services/rescreens.jpg","image/jpeg","200","OK","Indexable","","","0","0","","0","0","","0","","0","","0","","0","","","","","","","","","","118796","118796","118796","17.606","","0","","","","","0.000","2","3","","0","0","0","0.000","0","0","0","0","0","0","","","","","","0.252","Sat, 25 Jul 2026 18:51:39 GMT","","","","","1.1","","","","","","https://knightlogics.com/images/screen-team/services/rescreens.jpg","2026-07-25 14:51:38"
"https://knightlogics.com/images/screen-team/job-pool-enclosure.jpg","image/jpeg","200","OK","Indexable","","","0","0","","0","0","","0","","0","","0","","0","","","","","","","","","","1004849","1004849","1004849","148.919","","0","","","","","0.000","2","2","","0","0","0","0.000","0","0","0","0","0","0","","","","","","0.253","Sat, 25 Jul 2026 18:51:39 GMT","","","","","1.1","","","","","","https://knightlogics.com/images/screen-team/job-pool-enclosure.jpg","2026-07-25 14:51:38"
"https://knightlogics.com/script.js?v=20260711cs6","application/javascript; charset=utf-8","200","OK","Indexable","","","0","0","","0","0","","0","","0","","0","","0","","","","","","","","","","0","0","0","0.000","","0","","","","","0.000","2","0","","0","0","0","0.000","0","0","0","0","0","0","","","","","","0.143","Sat, 25 Jul 2026 17:53:49 GMT","","","","","1.1","","","","","","https://knightlogics.com/script.js?v=20260711cs6","2026-07-25 14:51:38"
"https://knightlogics.com/style.css?v=20260711cs6","text/css; charset=utf-8","200","OK","Indexable","","","0","0","","0","0","","0","","0","","0","","0","","","","","","","","","","0","0","0","0.000","","0","","","","","0.000","2","0","","0","0","0","0.000","0","0","0","0","0","0","","","","","","0.110","Sat, 25 Jul 2026 17:53:49 GMT","","","","","1.1","","","","","","https://knightlogics.com/style.css?v=20260711cs6","2026-07-25 14:51:38"
"https://knightlogics.com/images/screen-team/services/window-screens.jpg","image/jpeg","200","OK","Indexable","","","0","0","","0","0","","0","","0","","0","","0","","","","","","","","","","224816","224816","224816","33.318","","0","","","","","0.000","2","3","","0","0","0","0.000","0","0","0","0","0","0","","","","","","0.196","Sat, 25 Jul 2026 18:51:40 GMT","","","","","1.1","","","","","","https://knightlogics.com/images/screen-team/services/window-screens.jpg","2026-07-25 14:51:39"
"https://knightlogics.com/images/screen-team/services/screen-lanais.jpg","image/jpeg","200","OK","Indexable","","","0","0","","0","0","","0","","0","","0","","0","","","","","","","","","","272983","272983","272983","40.456","","0","","","","","0.000","2","3","","0","0","0","0.000","0","0","0","0","0","0","","","","","","0.195","Sat, 25 Jul 2026 18:51:40 GMT","","","","","1.1","","","","","","https://knightlogics.com/images/screen-team/services/screen-lanais.jpg","2026-07-25 14:51:39"
"https://knightlogics.com/home-service-business-growth-systems","text/html; charset=utf-8","200","OK","Indexable","","Home Service Business Growth Systems | Knight Logics","52","498","Home service growth systems for Tampa Bay — fast sites, local SEO, GBP, CRM outreach, reviews, and referral paths.","114","722","home service marketing Tampa, local SEO home services, Google map pack home services","84","Home Service Trade Growth Systems","33","Property-facing trades live on urgent calls and repeat work","59","Growth stack + referral network for your trade","46","","","","https://knightlogics.com/home-service-business-growth-systems","","","","","","32807","6683","6683","0.990","","1227","189","6.492","60.004","Normal","24.996","2","0","","8","5","0","5.050","27","16","0","0","0","0","","","","","81587a4704841cf97b6d7f3605c63565","0.156","Sat, 25 Jul 2026 18:51:40 GMT","","","","en","1.1","","","","","","https://knightlogics.com/home-service-business-growth-systems","2026-07-25 14:51:39"
"https://knightlogics.com/images/screen-team/banner.webp","image/webp","200","OK","Indexable","","","0","0","","0","0","","0","","0","","0","","0","","","","","","","","","","128142","128142","128142","18.991","","0","","","","","0.000","2","2","","0","0","0","0.000","0","0","0","0","0","0","","","","","","0.240","Sat, 25 Jul 2026 18:51:40 GMT","","","","","1.1","","","","","","https://knightlogics.com/images/screen-team/banner.webp","2026-07-25 14:51:39"
"https://knightlogics.com/images/showcase/sals-painting-og-card.jpg","image/jpeg","200","OK","Indexable","","","0","0","","0","0","","0","","0","","0","","0","","","","","","","","","","131668","131668","131668","19.513","","0","","","","","0.000","2","2","","0","0","0","0.000","0","0","0","0","0","0","","","","","","0.142","Sat, 25 Jul 2026 18:51:40 GMT","","","","","1.1","","","","","","https://knightlogics.com/images/showcase/sals-painting-og-card.jpg","2026-07-25 14:51:39"
"https://knightlogics.com/contractor-growth-systems","text/html; charset=utf-8","200","OK","Indexable","","Contractor Growth Systems | Knight Logics","41","383","Contractor growth systems for Tampa Bay trades — service-page SEO, Google Business alignment, CRM outreach, referral tracking, and job workflows for…","149","957","contractor website Tampa Bay, contractor local SEO Florida, field trade lead generation","87","Contractor & Field Trade Growth Systems","39","Trades need visibility, leads, and ops — not templates","54","Growth stack + referral network for your trade","46","","","","https://knightlogics.com/contractor-growth-systems","","","","","","31947","6598","6598","0.978","","1226","188","6.521","62.275","Normal","25.133","2","0","","20","10","0","10.100","26","15","0","0","0","0","","","","","5ff0cb229c7f7ce2a855409e4136121d","0.157","Sat, 25 Jul 2026 18:51:40 GMT","","","","en","1.1","","","","","","https://knightlogics.com/contractor-growth-systems","2026-07-25 14:51:39"
"https://knightlogics.com/style.css?v=20260724start3","text/css; charset=utf-8","200","OK","Indexable","","","0","0","","0","0","","0","","0","","0","","0","","","","","","","","","","0","0","0","0.000","","0","","","","","0.000","2","0","","0","0","0","0.000","0","0","0","0","0","0","","","","","","0.042","Sat, 25 Jul 2026 17:53:49 GMT","","","","","1.1","","","","","","https://knightlogics.com/style.css?v=20260724start3","2026-07-25 14:51:39"
"https://knightlogics.com/images/sals-hero.webp","image/webp","200","OK","Indexable","","","0","0","","0","0","","0","","0","","0","","0","","","","","","","","","","110336","110336","110336","16.352","","0","","","","","0.000","2","1","","0","0","0","0.000","0","0","0","0","0","0","","","","","","0.210","Sat, 25 Jul 2026 18:51:40 GMT","","","","","1.1","","","","","","https://knightlogics.com/images/sals-hero.webp","2026-07-25 14:51:39"
"https://knightlogics.com/images/showcase/case-study-vendoroo-ticket-mockup.webp","image/webp","200","OK","Indexable","","","0","0","","0","0","","0","","0","","0","","0","","","","","","","","","","22780","22780","22780","3.376","","0","","","","","0.000","2","2","","0","0","0","0.000","0","0","0","0","0","0","","","","","","0.157","Sat, 25 Jul 2026 18:51:40 GMT","","","","","1.1","","","","","","https://knightlogics.com/images/showcase/case-study-vendoroo-ticket-mockup.webp","2026-07-25 14:51:39"
"https://knightlogics.com/case-study-vendoroo-ticket-invoice-system","text/html; charset=utf-8","200","OK","Indexable","","Vendoroo Ticket & Invoice System Case Study | Knight Logics","59","544","Vendoroo ticket & invoice case study — portal ticket intake, field photos, and invoice closeout for property management vendors.","128","789","vendor ticket invoice system, property management vendor workflow, ticket to invoice automation","95","Vendor Portal Ticket Intake & Invoice Automation","48","Ticket-to-invoice walkthrough","29","Portal ticket to Stripe invoice in one workflow","47","","","","https://knightlogics.com/case-study-vendoroo-ticket-invoice-system","","","","","","22101","4769","4769","0.707","","937","157","5.968","57.309","Fairly Hard","28.520","2","0","","12","5","0","5.050","14","6","0","0","0","0","","","","","a59f6068ec8e991eac0ed7b6a1b60315","0.128","Sat, 25 Jul 2026 18:51:40 GMT","","","","en","1.1","","","","","","https://knightlogics.com/case-study-vendoroo-ticket-invoice-system","2026-07-25 14:51:39"
"https://knightlogics.com/script.js?v=20260724start3","application/javascript; charset=utf-8","200","OK","Indexable","","","0","0","","0","0","","0","","0","","0","","0","","","","","","","","","","0","0","0","0.000","","0","","","","","0.000","2","0","","0","0","0","0.000","0","0","0","0","0","0","","","","","","0.112","Sat, 25 Jul 2026 17:53:49 GMT","","","","","1.1","","","","","","https://knightlogics.com/script.js?v=20260724start3","2026-07-25 14:51:39"
"https://knightlogics.com/stripe-invoice-automation","text/html; charset=utf-8","200","OK","Indexable","","Stripe Invoice Automation | Knight Logics","41","367","Stripe invoice automation — payment links, webhook routing, and owner notifications tied to job closeout for service businesses.","128","788","Stripe invoice automation, online payment workflow, contractor Stripe billing","77","Stripe Invoice Automation for Service Businesses","48","Invoice triggers tied to job milestones","39","Crews finish jobs days before customers see an invoice","54","","","","https://knightlogics.com/stripe-invoice-automation","","","","","","29383","6016","6016","0.892","","1032","170","6.071","59.673","Fairly Hard","23.221","2","0","","8","4","0","4.040","14","7","0","0","0","0","","","","","1185b4f26c6711c8936b9f5bd1306bd3","0.145","Sat, 25 Jul 2026 18:51:40 GMT","","","","en","1.1","","","","","","https://knightlogics.com/stripe-invoice-automation","2026-07-25 14:51:39"
"https://knightlogics.com/images/websitehero.webp?v=20260604perf1","image/webp","200","OK","Indexable","","","0","0","","0","0","","0","","0","","0","","0","","","","","","","","","","430962","430962","430962","63.869","","0","","","","","0.000","2","1","","0","0","0","0.000","0","0","0","0","0","0","","","","","","0.050","Sat, 25 Jul 2026 17:53:49 GMT","","","","","1.1","","","","","","https://knightlogics.com/images/websitehero.webp?v=20260604perf1","2026-07-25 14:51:39"
"https://knightlogics.com/images/pixelforge_logo.png","image/png","200","OK","Indexable","","","0","0","","0","0","","0","","0","","0","","0","","","","","","","","","","79425","79425","79425","11.771","","0","","","","","0.000","2","1","","0","0","0","0.000","0","0","0","0","0","0","","","","","","0.082","Sat, 25 Jul 2026 18:51:40 GMT","","","","","1.1","","","","","","https://knightlogics.com/images/pixelforge_logo.png","2026-07-25 14:51:39"
"https://knightlogics.com/images/JNS-HomeImage.webp","image/webp","200","OK","Indexable","","","0","0","","0","0","","0","","0","","0","","0","","","","","","","","","","15548","15548","15548","2.304","","0","","","","","0.000","2","1","","0","0","0","0.000","0","0","0","0","0","0","","","","","","0.137","Sat, 25 Jul 2026 18:51:40 GMT","","","","","1.1","","","","","","https://knightlogics.com/images/JNS-HomeImage.webp","2026-07-25 14:51:39"
"https://knightlogics.com/images/KGHero.webp","image/webp","200","OK","Indexable","","","0","0","","0","0","","0","","0","","0","","0","","","","","","","","","","81398","81398","81398","12.063","","0","","","","","0.000","2","1","","0","0","0","0.000","0","0","0","0","0","0","","","","","","0.169","Sat, 25 Jul 2026 18:51:40 GMT","","","","","1.1","","","","","","https://knightlogics.com/images/KGHero.webp","2026-07-25 14:51:39"
"https://knightlogics.com/job-photo-pdf-reports","text/html; charset=utf-8","200","OK","Indexable","","Job Photo & PDF Reports | Knight Logics","39","360","Job photo PDF reports — field images, notes, and branded proof documents attached to job records for contractors and vendors.","125","796","job photo PDF reports, field photo documentation, contractor proof PDF","70","Job Photo Attachments & PDF Field Reports","41","Completion proof property managers accept","41","Completion photos live on phones until someone builds PDFs manually","67","","","","https://knightlogics.com/job-photo-pdf-reports","","","","","","29042","5834","5834","0.865","","1025","173","5.925","57.455","Fairly Hard","23.670","2","0","","4","2","0","2.020","14","8","0","0","0","0","","","","","e2d6ecc3503680029dac12e9ba389422","0.214","Sat, 25 Jul 2026 18:51:40 GMT","","","","en","1.1","","","","","","https://knightlogics.com/job-photo-pdf-reports","2026-07-25 14:51:39"
"https://knightlogics.com/ai-business-automation","text/html; charset=utf-8","200","OK","Indexable","","AI Business Automation | Knight Logics","38","349","AI business automation for small business — assistive drafts and triage with safe boundaries; send caps and brand maps stay rule-backed for Tampa Bay…","150","956","AI automation small business, safe AI automation boundaries, ops AI vs rules engine","83","AI Business Automation for Real Operations","42","Automation that matches daily ops — not demo chatbots","53","Generic AI demos do not match how your office actually works","60","","","","https://knightlogics.com/ai-business-automation","","","","","","30155","6349","6349","0.941","","1057","170","6.218","53.895","Fairly Hard","23.545","2","0","","3","2","0","2.020","14","9","0","0","0","0","","","","","4825252307ec1b1dbfa8cc114b84a162","0.162","Sat, 25 Jul 2026 18:51:40 GMT","","","","en","1.1","","","","","","https://knightlogics.com/ai-business-automation","2026-07-25 14:51:39"
"https://knightlogics.com/workflow-automation","text/html; charset=utf-8","200","OK","Indexable","","Workflow Automation | Knight Logics","35","330","Business process automation — form-to-CRM, review requests, stale-lead follow-up, and failure-visible jobs.","107","659","business process automation, form-to-CRM, review-request automation, stale lead follow-up","89","Workflow Automation for Small Business Operations","49","Background jobs that respect caps and failures","46","Every job type reinvents the same ten steps","43","","","","https://knightlogics.com/workflow-automation","","","","","","29993","6383","6383","0.946","","1039","176","5.903","54.198","Fairly Hard","23.747","2","0","","7","4","0","4.040","14","12","0","0","0","0","","","","","6245e4f383bc395fbcc706f6cb34fd23","0.135","Sat, 25 Jul 2026 18:51:40 GMT","","","","en","1.1","","","","","","https://knightlogics.com/workflow-automation","2026-07-25 14:51:39"
"https://knightlogics.com/style.css?v=20260709center1","text/css; charset=utf-8","200","OK","Indexable","","","0","0","","0","0","","0","","0","","0","","0","","","","","","","","","","0","0","0","0.000","","0","","","","","0.000","2","0","","0","0","0","0.000","0","0","0","0","0","0","","","","","","0.117","Sat, 25 Jul 2026 17:53:49 GMT","","","","","1.1","","","","","","https://knightlogics.com/style.css?v=20260709center1","2026-07-25 14:51:39"
"https://knightlogics.com/email-agent-automation","text/html; charset=utf-8","200","OK","Indexable","","Email-Agent Automation | Knight Logics","38","355","Email-Agent multi-inbox routing — CRM replies, Formspree leads, brand maps, and bounce loops to OutreachEngine.","111","714","multi-inbox routing, CRM reply management, Formspree lead routing, business email ops","85","Email-Agent Automation & Multi-Inbox Routing","44","Multi-inbox routing with brand discipline","41","Outreach replies hide in the same inbox as customer threads","59","","","","https://knightlogics.com/email-agent-automation","","","","","","30460","6029","6029","0.893","","1055","176","5.994","60.259","Normal","23.637","2","0","","8","5","0","5.050","14","8","0","0","0","0","","","","","b40fadfb8719b149890cbcaead96687e","0.140","Sat, 25 Jul 2026 18:51:40 GMT","","","","en","1.1","","","","","","https://knightlogics.com/email-agent-automation","2026-07-25 14:51:39"
"https://knightlogics.com/images/AutoVideoCompiler_header_ui.png","image/png","200","OK","Indexable","","","0","0","","0","0","","0","","0","","0","","0","","","","","","","","","","53559","53559","53559","7.937","","0","","","","","0.000","2","1","","0","0","0","0.000","0","0","0","0","0","0","","","","","","0.131","Sat, 25 Jul 2026 18:51:40 GMT","","","","","1.1","","","","","","https://knightlogics.com/images/AutoVideoCompiler_header_ui.png","2026-07-25 14:51:39"
"https://knightlogics.com/social-media-automation-systems","text/html; charset=utf-8","200","OK","Indexable","","Social Media Automation Systems | Knight Logics","47","442","Social scheduling multi-brand — API vs Playwright, GBP posts, LinkedIn/Nextdoor runners, and failure reporting.","111","690","social scheduling multi-brand, GBP posting, LinkedIn Nextdoor automation, social queue failure reporting","104","Social Media Automation Systems","31","Multi-brand queues with failure reporting","41","Scheduled posts fail quietly and nobody notices for a week","58","","","","https://knightlogics.com/social-media-automation-systems","","","","","","30247","5947","5947","0.881","","1054","174","6.057","63.593","Normal","22.891","2","0","","11","6","0","6.060","14","9","0","0","0","0","","","","","20321777c35baf8e11252007720755be","0.071","Sat, 25 Jul 2026 18:51:40 GMT","","","","en","1.1","","","","","","https://knightlogics.com/social-media-automation-systems","2026-07-25 14:51:39"
"https://knightlogics.com/script.js?v=20260709gbp1","application/javascript; charset=utf-8","200","OK","Indexable","","","0","0","","0","0","","0","","0","","0","","0","","","","","","","","","","0","0","0","0.000","","0","","","","","0.000","2","0","","0","0","0","0.000","0","0","0","0","0","0","","","","","","0.053","Sat, 25 Jul 2026 17:53:49 GMT","","","","","1.1","","","","","","https://knightlogics.com/script.js?v=20260709gbp1","2026-07-25 14:51:39"
"https://knightlogics.com/script.js?v=20260724pkg3","application/javascript; charset=utf-8","200","OK","Indexable","","","0","0","","0","0","","0","","0","","0","","0","","","","","","","","","","0","0","0","0.000","","0","","","","","0.000","2","0","","0","0","0","0.000","0","0","0","0","0","0","","","","","","0.052","Sat, 25 Jul 2026 17:53:49 GMT","","","","","1.1","","","","","","https://knightlogics.com/script.js?v=20260724pkg3","2026-07-25 14:51:39"
"https://knightlogics.com/css/instant-packages.css?v=20260725process1","text/css; charset=utf-8","200","OK","Indexable","","","0","0","","0","0","","0","","0","","0","","0","","","","","","","","","","0","0","0","0.000","","0","","","","","0.000","2","1","","0","0","0","0.000","0","0","0","0","0","0","","","","","","0.084","Sat, 25 Jul 2026 18:51:40 GMT","","","","","1.1","","","","","","https://knightlogics.com/css/instant-packages.css?v=20260725process1","2026-07-25 14:51:39"
"https://knightlogics.com/style.css?v=20260724pkg3","text/css; charset=utf-8","200","OK","Indexable","","","0","0","","0","0","","0","","0","","0","","0","","","","","","","","","","0","0","0","0.000","","0","","","","","0.000","2","0","","0","0","0","0.000","0","0","0","0","0","0","","","","","","0.118","Sat, 25 Jul 2026 17:53:49 GMT","","","","","1.1","","","","","","https://knightlogics.com/style.css?v=20260724pkg3","2026-07-25 14:51:39"
"https://knightlogics.com/images/videoforge-app-icon.png","image/png","200","OK","Indexable","","","0","0","","0","0","","0","","0","","0","","0","","","","","","","","","","17745","17745","17745","2.630","","0","","","","","0.000","2","1","","0","0","0","0.000","0","0","0","0","0","0","","","","","","0.203","Sat, 25 Jul 2026 18:51:40 GMT","","","","","1.1","","","","","","https://knightlogics.com/images/videoforge-app-icon.png","2026-07-25 14:51:39"
"https://knightlogics.com/images/jns-hero.webp","image/webp","200","OK","Indexable","","","0","0","","0","0","","0","","0","","0","","0","","","","","","","","","","92086","92086","92086","13.647","","0","","","","","0.000","2","1","","0","0","0","0.000","0","0","0","0","0","0","","","","","","0.202","Sat, 25 Jul 2026 18:51:41 GMT","","","","","1.1","","","","","","https://knightlogics.com/images/jns-hero.webp","2026-07-25 14:51:39"
"https://knightlogics.com/images/showcase/hospitality-menus-ordering-mockup.webp","image/webp","200","OK","Indexable","","","0","0","","0","0","","0","","0","","0","","0","","","","","","","","","","28294","28294","28294","4.193","","0","","","","","0.000","2","2","","0","0","0","0.000","0","0","0","0","0","0","","","","","","0.199","Sat, 25 Jul 2026 18:51:41 GMT","","","","","1.1","","","","","","https://knightlogics.com/images/showcase/hospitality-menus-ordering-mockup.webp","2026-07-25 14:51:40"
"https://knightlogics.com/restaurant-bar-growth-systems","text/html; charset=utf-8","200","OK","Indexable","","Restaurant & Bar Growth Systems | Knight Logics","47","438","Restaurant & bar growth systems — events, menus, hours, ordering flows, and local discovery for Tampa Bay hospitality venues.","125","790","restaurant website Tampa, bar events calendar website, restaurant online ordering","81","Restaurant & Bar Business Growth Systems","40","Hospitality needs owned-domain events and ordering","50","Restaurants lose regulars when events and hours are hard to find","64","","","","https://knightlogics.com/restaurant-bar-growth-systems","","","","","","26486","5426","5426","0.804","","830","138","6.014","44.067","Hard","21.426","2","0","","6","2","0","2.020","14","7","0","0","0","0","","","","","76fa051893914f9c2cfda15763123d6a","0.167","Sat, 25 Jul 2026 18:51:41 GMT","","","","en","1.1","","","","","","https://knightlogics.com/restaurant-bar-growth-systems","2026-07-25 14:51:40"
"https://knightlogics.com/local-visibility-systems","text/html; charset=utf-8","200","OK","Indexable","","Local Visibility Systems | Knight Logics","40","346","Local visibility systems — Tampa Bay local SEO, Google Business Profile optimization, service-area pages, schema, indexing, and review workflows for…","149","929","local SEO Tampa Bay, Google Business Profile optimization, map pack visibility","78","Local Visibility Systems","24","Map-pack readiness tied to real geography","41","Local SEO fails when the site and GBP tell different stories","60","","","","https://knightlogics.com/local-visibility-systems","","","","","","28698","6070","6070","0.900","","1081","163","6.632","56.495","Fairly Hard","24.762","2","0","","21","13","0","13.130","14","8","0","0","0","0","","","","","91919560699148eccc4df3130e5a4a6","0.077","Sat, 25 Jul 2026 18:51:41 GMT","","","","en","1.1","","","","","","https://knightlogics.com/local-visibility-systems","2026-07-25 14:51:40"
"https://knightlogics.com/case-study-hospitality-system-pattern","text/html; charset=utf-8","200","OK","Indexable","","Hospitality System Pattern Case Study | Knight Logics","53","480","Hospitality system pattern case study — events, menus, hours, and ordering UX for restaurant and bar owned domains.","115","735","restaurant website system, hospitality events website, menu ordering pattern","76","Restaurant Events, Menu & Ordering System Pattern","49","Hospitality system walkthrough","30","Hospitality capability without premature client marketing","57","","","","https://knightlogics.com/case-study-hospitality-system-pattern","","","","","","21810","4773","4773","0.707","","888","147","6.041","36.743","Hard","29.163","2","0","","11","6","0","6.060","15","8","0","0","0","0","","","","","8bf44650284f36b50da4a9b1cac2abf7","0.143","Sat, 25 Jul 2026 18:51:41 GMT","","","","en","1.1","","","","","","https://knightlogics.com/case-study-hospitality-system-pattern","2026-07-25 14:51:40"
"https://knightlogics.com/case-study-crm-outreach-system","text/html; charset=utf-8","200","OK","Indexable","","CRM Outreach System Case Study | Knight Logics","46","442","CRM outreach system case study — OutreachEngine with brand lanes, daily caps, and Email-Agent reply routing on live Tampa Bay campaigns.","136","879","CRM outreach case study, OutreachEngine production, outbound CRM automation","75","CRM Outreach Queue & Reply Tracking","35","CRM walkthrough & live lane proof","33","OutreachEngine in production on real campaigns","46","","","","https://knightlogics.com/case-study-crm-outreach-system","","","","","","24298","5278","5278","0.782","","1101","163","6.755","69.045","Normal","29.996","2","0","","13","7","0","7.070","14","8","0","0","0","0","","","","","b1843c5c0b3494514890f73b167b75f8","0.106","Sat, 25 Jul 2026 18:51:41 GMT","","","","en","1.1","","","","","","https://knightlogics.com/case-study-crm-outreach-system","2026-07-25 14:51:40"
"https://knightlogics.com/images/momhero.webp","image/webp","200","OK","Indexable","","","0","0","","0","0","","0","","0","","0","","0","","","","","","","","","","208210","208210","208210","30.857","","0","","","","","0.000","2","1","","0","0","0","0.000","0","0","0","0","0","0","","","","","","0.205","Sat, 25 Jul 2026 18:51:41 GMT","","","","","1.1","","","","","","https://knightlogics.com/images/momhero.webp","2026-07-25 14:51:40"
"https://knightlogics.com/images/showcase/case-study-crm-outreach-mockup.webp","image/webp","200","OK","Indexable","","","0","0","","0","0","","0","","0","","0","","0","","","","","","","","","","21526","21526","21526","3.190","","0","","","","","0.000","2","2","","0","0","0","0.000","0","0","0","0","0","0","","","","","","0.130","Sat, 25 Jul 2026 18:51:41 GMT","","","","","1.1","","","","","","https://knightlogics.com/images/showcase/case-study-crm-outreach-mockup.webp","2026-07-25 14:51:40"
"https://knightlogics.com/images/showcase/knight-group-og-card.jpg","image/jpeg","200","OK","Indexable","","","0","0","","0","0","","0","","0","","0","","0","","","","","","","","","","145314","145314","145314","21.536","","0","","","","","0.000","2","2","","0","0","0","0.000","0","0","0","0","0","0","","","","","","0.097","Sat, 25 Jul 2026 18:51:41 GMT","","","","","1.1","","","","","","https://knightlogics.com/images/showcase/knight-group-og-card.jpg","2026-07-25 14:51:40"
"https://knightlogics.com/images/added-media/Google%20Business%20Profile.png","image/png","200","OK","Indexable","","","0","0","","0","0","","0","","0","","0","","0","","","","","","","","","","427686","427686","427686","63.383","","0","","","","","0.000","2","2","","0","0","0","0.000","0","0","0","0","0","0","","","","","","0.117","Sat, 25 Jul 2026 18:51:41 GMT","","","","","1.1","","","","","","https://knightlogics.com/images/added-media/Google%20Business%20Profile.png","2026-07-25 14:51:40"
"https://knightlogics.com/images/showcase/case-study-referral-network-mockup.webp","image/webp","200","OK","Indexable","","","0","0","","0","0","","0","","0","","0","","0","","","","","","","","","","20202","20202","20202","2.994","","0","","","","","0.000","2","2","","0","0","0","0.000","0","0","0","0","0","0","","","","","","0.155","Sat, 25 Jul 2026 18:51:41 GMT","","","","","1.1","","","","","","https://knightlogics.com/images/showcase/case-study-referral-network-mockup.webp","2026-07-25 14:51:40"
"https://knightlogics.com/images/showcase/roof-monsters-og-card.webp","image/webp","200","OK","Indexable","","","0","0","","0","0","","0","","0","","0","","0","","","","","","","","","","59226","59226","59226","8.777","","0","","","","","0.000","2","2","","0","0","0","0.000","0","0","0","0","0","0","","","","","","0.187","Sat, 25 Jul 2026 18:51:41 GMT","","","","","1.1","","","","","","https://knightlogics.com/images/showcase/roof-monsters-og-card.webp","2026-07-25 14:51:40"
"https://knightlogics.com/images/added-media/knight-command.webp","image/webp","200","OK","Indexable","","","0","0","","0","0","","0","","0","","0","","0","","","","","","","","","","74204","74204","74204","10.997","","0","","","","","0.000","2","2","","0","0","0","0.000","0","0","0","0","0","0","","","","","","0.204","Sat, 25 Jul 2026 18:51:41 GMT","","","","","1.1","","","","","","https://knightlogics.com/images/added-media/knight-command.webp","2026-07-25 14:51:40"
"https://knightlogics.com/review-request-systems","text/html; charset=utf-8","200","OK","Indexable","","Review Request Systems | Knight Logics","38","360","Review request systems — timed asks at job completion, GBP review growth, and reputation workflows for Tampa Bay service businesses.","132","851","Google review request automation, reputation management small business, review generation Tampa","95","Automated Review Request Systems","32","Reviews asked at the right moment","33","GBP visibility stalls when reviews are random","45","","","","https://knightlogics.com/review-request-systems","","","","","","28959","5929","5929","0.879","","1034","169","6.118","60.389","Normal","23.297","2","0","","4","3","0","3.030","14","9","0","0","0","0","","","","","e9a2b7901a8b85d538f284e981ba6047","0.173","Sat, 25 Jul 2026 18:51:41 GMT","","","","en","1.1","","","","","","https://knightlogics.com/review-request-systems","2026-07-25 14:51:40"
"https://knightlogics.com/images/added-media/google-business-profile.webp","image/webp","200","OK","Indexable","","","0","0","","0","0","","0","","0","","0","","0","","","","","","","","","","126142","126142","126142","18.694","","0","","","","","0.000","2","2","","0","0","0","0.000","0","0","0","0","0","0","","","","","","0.196","Sat, 25 Jul 2026 18:51:42 GMT","","","","","1.1","","","","","","https://knightlogics.com/images/added-media/google-business-profile.webp","2026-07-25 14:51:41"
"https://knightlogics.com/images/added-media/Screen%20Teams%20Business%20Cards.png","image/png","200","OK","Indexable","","","0","0","","0","0","","0","","0","","0","","0","","","","","","","","","","218120","218120","218120","32.325","","0","","","","","0.000","2","2","","0","0","0","0.000","0","0","0","0","0","0","","","","","","0.212","Sat, 25 Jul 2026 18:51:42 GMT","","","","","1.1","","","","","","https://knightlogics.com/images/added-media/Screen%20Teams%20Business%20Cards.png","2026-07-25 14:51:41"
"https://knightlogics.com/images/added-media/Screen%20Team%20Yard%20Signs.png","image/png","200","OK","Indexable","","","0","0","","0","0","","0","","0","","0","","0","","","","","","","","","","2599913","2599913","2599913","385.307","","0","","","","","0.000","2","2","","0","0","0","0.000","0","0","0","0","0","0","","","","","","0.277","Sat, 25 Jul 2026 18:51:42 GMT","","","","","1.1","","","","","","https://knightlogics.com/images/added-media/Screen%20Team%20Yard%20Signs.png","2026-07-25 14:51:41"
"https://knightlogics.com/images/showcase/moms-resin-og-card.webp","image/webp","200","OK","Indexable","","","0","0","","0","0","","0","","0","","0","","0","","","","","","","","","","33814","33814","33814","5.011","","0","","","","","0.000","2","2","","0","0","0","0.000","0","0","0","0","0","0","","","","","","0.170","Sat, 25 Jul 2026 18:51:42 GMT","","","","","1.1","","","","","","https://knightlogics.com/images/showcase/moms-resin-og-card.webp","2026-07-25 14:51:41"
"https://knightlogics.com/script.js?v=20260724pkg2","application/javascript; charset=utf-8","200","OK","Indexable","","","0","0","","0","0","","0","","0","","0","","0","","","","","","","","","","0","0","0","0.000","","0","","","","","0.000","2","0","","0","0","0","0.000","0","0","0","0","0","0","","","","","","0.110","Sat, 25 Jul 2026 17:53:49 GMT","","","","","1.1","","","","","","https://knightlogics.com/script.js?v=20260724pkg2","2026-07-25 14:51:41"
"https://knightlogics.com/style.css?v=20260724pkg2","text/css; charset=utf-8","200","OK","Indexable","","","0","0","","0","0","","0","","0","","0","","0","","","","","","","","","","0","0","0","0.000","","0","","","","","0.000","2","0","","0","0","0","0.000","0","0","0","0","0","0","","","","","","0.119","Sat, 25 Jul 2026 17:53:49 GMT","","","","","1.1","","","","","","https://knightlogics.com/style.css?v=20260724pkg2","2026-07-25 14:51:41"
"https://knightlogics.com/case-study-knight-command","text/html; charset=utf-8","200","OK","Indexable","","Knight Command Case Study | Knight Logics","41","397","Knight Command case study — unified /admin ops shell for CRM, email, social, referrals, and logs across Knight Logics production ports.","135","839","business ops dashboard, Knight Command admin, unified CRM dashboard","67","Knight Command Admin & Ops Shell","32","Ops shell walkthrough & proof","29","One shell for daily growth operations","37","","","","https://knightlogics.com/case-study-knight-command","","","","","","23447","5164","5164","0.765","","1097","170","6.453","59.542","Fairly Hard","31.018","2","0","","21","12","0","12.120","14","7","0","0","0","0","","","","","ed10b4ccaf1eb74ac2059a2d27c0ddb","0.179","Sat, 25 Jul 2026 18:51:42 GMT","","","","en","1.1","","","","","","https://knightlogics.com/case-study-knight-command","2026-07-25 14:51:41"
"https://knightlogics.com/case-study-referral-network-system","text/html; charset=utf-8","200","OK","Indexable","","Referral Network System Case Study | Knight Logics","50","464","Referral network case study — partner attribution, QR paths, consult tracking, and payout visibility across Tampa Bay trade partners.","133","819","referral network case study, partner attribution system, referral payout tracking","81","Referral Codes, QR Brochures & Partner Attribution","50","Referral network walkthrough & proof","36","Partner attribution with payout visibility","42","","","","https://knightlogics.com/case-study-referral-network-system","","","","","","22878","4764","4764","0.706","","900","155","5.806","55.335","Fairly Hard","27.467","2","0","","9","4","0","4.040","14","7","0","0","0","0","","","","","7fa9159690f717358ea8bbc35648526c","0.156","Sat, 25 Jul 2026 18:51:42 GMT","","","","en","1.1","","","","","","https://knightlogics.com/case-study-referral-network-system","2026-07-25 14:51:41"
"https://knightlogics.com/images/showcase/case-study-knight-command-mockup.webp","image/webp","200","OK","Indexable","","","0","0","","0","0","","0","","0","","0","","0","","","","","","","","","","19872","19872","19872","2.945","","0","","","","","0.000","2","2","","0","0","0","0.000","0","0","0","0","0","0","","","","","","0.144","Sat, 25 Jul 2026 18:51:42 GMT","","","","","1.1","","","","","","https://knightlogics.com/images/showcase/case-study-knight-command-mockup.webp","2026-07-25 14:51:41"
"https://knightlogics.com/api-integration-services","text/html; charset=utf-8","200","OK","Indexable","","API Integration Services | Knight Logics","40","350","API integration services — Stripe, CRM, email, and webhook pipelines that connect your website and ops stack reliably.","118","726","API integration services, webhook integration small business, Stripe API integration","84","API Integration Services for Business Systems","45","Webhooks and sync that survive production","41","Manual re-entry between Stripe, Google, and CRM wastes hours","60","","","","https://knightlogics.com/api-integration-services","","","","","","26470","5751","5751","0.852","","828","146","5.671","51.087","Fairly Hard","21.649","2","0","","5","4","0","4.040","14","9","0","0","0","0","","","","","ca1ae9da8416e4dab25d0f769960b5b4","0.137","Sat, 25 Jul 2026 18:51:42 GMT","","","","en","1.1","","","","","","https://knightlogics.com/api-integration-services","2026-07-25 14:51:41"
"https://knightlogics.com/images/demos/harbor-line/hero-exterior.jpg","image/jpeg","200","OK","Indexable","","","0","0","","0","0","","0","","0","","0","","0","","","","","","","","","","405574","405574","405574","60.106","","0","","","","","0.000","2","3","","0","0","0","0.000","0","0","0","0","0","0","","","","","","0.145","Sat, 25 Jul 2026 18:51:42 GMT","","","","","1.1","","","","","","https://knightlogics.com/images/demos/harbor-line/hero-exterior.jpg","2026-07-25 14:51:41"
"https://knightlogics.com/images/demos/harbor-line/gallery-2.jpg","image/jpeg","200","OK","Indexable","","","0","0","","0","0","","0","","0","","0","","0","","","","","","","","","","203565","203565","203565","30.168","","0","","","","","0.000","2","3","","0","0","0","0.000","0","0","0","0","0","0","","","","","","0.101","Sat, 25 Jul 2026 18:51:42 GMT","","","","","1.1","","","","","","https://knightlogics.com/images/demos/harbor-line/gallery-2.jpg","2026-07-25 14:51:41"
"https://knightlogics.com/images/demos/harbor-line/exterior-detail.jpg","image/jpeg","200","OK","Indexable","","","0","0","","0","0","","0","","0","","0","","0","","","","","","","","","","415384","415384","415384","61.560","","0","","","","","0.000","2","3","","0","0","0","0.000","0","0","0","0","0","0","","","","","","0.144","Sat, 25 Jul 2026 18:51:42 GMT","","","","","1.1","","","","","","https://knightlogics.com/images/demos/harbor-line/exterior-detail.jpg","2026-07-25 14:51:41"
"https://knightlogics.com/images/demos/harbor-line/house-coastal.jpg","image/jpeg","200","OK","Indexable","","","0","0","","0","0","","0","","0","","0","","0","","","","","","","","","","268746","268746","268746","39.828","","0","","","","","0.000","2","3","","0","0","0","0.000","0","0","0","0","0","0","","","","","","0.205","Sat, 25 Jul 2026 18:51:42 GMT","","","","","1.1","","","","","","https://knightlogics.com/images/demos/harbor-line/house-coastal.jpg","2026-07-25 14:51:41"
"https://knightlogics.com/images/demos/harbor-line/living-paint.jpg","image/jpeg","200","OK","Indexable","","","0","0","","0","0","","0","","0","","0","","0","","","","","","","","","","212064","212064","212064","31.428","","0","","","","","0.000","2","3","","0","0","0","0.000","0","0","0","0","0","0","","","","","","0.214","Sat, 25 Jul 2026 18:51:42 GMT","","","","","1.1","","","","","","https://knightlogics.com/images/demos/harbor-line/living-paint.jpg","2026-07-25 14:51:41"
"https://knightlogics.com/images/demos/harbor-line/interior-room.jpg","image/jpeg","200","OK","Indexable","","","0","0","","0","0","","0","","0","","0","","0","","","","","","","","","","300769","300769","300769","44.574","","0","","","","","0.000","2","3","","0","0","0","0.000","0","0","0","0","0","0","","","","","","0.205","Sat, 25 Jul 2026 18:51:42 GMT","","","","","1.1","","","","","","https://knightlogics.com/images/demos/harbor-line/interior-room.jpg","2026-07-25 14:51:41"
"https://knightlogics.com/images/demos/harbor-line/painter-roller.jpg","image/jpeg","200","OK","Indexable","","","0","0","","0","0","","0","","0","","0","","0","","","","","","","","","","164661","164661","164661","24.403","","0","","","","","0.000","2","3","","0","0","0","0.000","0","0","0","0","0","0","","","","","","0.209","Sat, 25 Jul 2026 18:51:42 GMT","","","","","1.1","","","","","","https://knightlogics.com/images/demos/harbor-line/painter-roller.jpg","2026-07-25 14:51:41"
"https://knightlogics.com/demos/preview-launch/assets/js/site.js","application/javascript; charset=utf-8","200","OK","Non-Indexable","noindex","","0","0","","0","0","","0","","0","","0","","0","","noindex, nofollow, noarchive","","","","","","","","633","633","633","0.094","","0","","","","","0.000","2","4","","0","0","0","0.000","0","0","0","0","0","0","","","","","","0.154","Sat, 25 Jul 2026 18:51:43 GMT","","","","","1.1","","","","","","https://knightlogics.com/demos/preview-launch/assets/js/site.js","2026-07-25 14:51:42"
"https://knightlogics.com/images/demos/harbor-line/kitchen-cabinets.jpg","image/jpeg","200","OK","Indexable","","","0","0","","0","0","","0","","0","","0","","0","","","","","","","","","","423078","423078","423078","62.700","","0","","","","","0.000","2","3","","0","0","0","0.000","0","0","0","0","0","0","","","","","","0.210","Sat, 25 Jul 2026 18:51:43 GMT","","","","","1.1","","","","","","https://knightlogics.com/images/demos/harbor-line/kitchen-cabinets.jpg","2026-07-25 14:51:42"
"https://knightlogics.com/pricing?openPackage=ops-contractor-crm-starter","","0","Blocked by robots.txt","Non-Indexable","Blocked by robots.txt","","0","0","","0","0","","0","","0","","0","","0","","","","","","","","","","0","0","0","0.000","","0","","","","","0.000","2","0","","1","1","0","1.010","0","0","0","0","0","0","","","","","","","","","","","","None","","","","","","https://knightlogics.com/pricing?openPackage=ops-contractor-crm-starter","2026-07-25 14:51:42"
"https://knightlogics.com/images/demos/harbor-line/bedroom.jpg","image/jpeg","200","OK","Indexable","","","0","0","","0","0","","0","","0","","0","","0","","","","","","","","","","509363","509363","509363","75.488","","0","","","","","0.000","2","3","","0","0","0","0.000","0","0","0","0","0","0","","","","","","0.177","Sat, 25 Jul 2026 18:51:43 GMT","","","","","1.1","","","","","","https://knightlogics.com/images/demos/harbor-line/bedroom.jpg","2026-07-25 14:51:42"
"https://knightlogics.com/demos/preview-launch/assets/css/site.css","text/css; charset=utf-8","200","OK","Non-Indexable","noindex","","0","0","","0","0","","0","","0","","0","","0","","noindex, nofollow, noarchive","","","","","","","","0","0","0","0.000","","0","","","","","0.000","2","4","","0","0","0","0.000","0","0","0","0","0","0","","","","","","0.153","Sat, 25 Jul 2026 18:51:43 GMT","","","","","1.1","","","","","","https://knightlogics.com/demos/preview-launch/assets/css/site.css","2026-07-25 14:51:42"
"https://knightlogics.com/images/demos/harbor-line/gallery-1.jpg","image/jpeg","200","OK","Indexable","","","0","0","","0","0","","0","","0","","0","","0","","","","","","","","","","271101","271101","271101","40.177","","0","","","","","0.000","2","3","","0","0","0","0.000","0","0","0","0","0","0","","","","","","0.204","Sat, 25 Jul 2026 18:51:43 GMT","","","","","1.1","","","","","","https://knightlogics.com/images/demos/harbor-line/gallery-1.jpg","2026-07-25 14:51:42"
"https://knightlogics.com/pricing/package-routing.js?v=20260725catalog1","application/javascript; charset=utf-8","200","OK","Indexable","","","0","0","","0","0","","0","","0","","0","","0","","","","","","","","","","0","0","0","0.000","","0","","","","","0.000","2","1","","0","0","0","0.000","0","0","0","0","0","0","","","","","","0.124","Sat, 25 Jul 2026 17:53:49 GMT","","","","","1.1","","","","","","https://knightlogics.com/pricing/package-routing.js?v=20260725catalog1","2026-07-25 14:51:42"
"https://knightlogics.com/images/showcase/roof-monsters-semrush-99.webp","image/webp","200","OK","Indexable","","","0","0","","0","0","","0","","0","","0","","0","","","","","","","","","","57930","57930","57930","8.585","","0","","","","","0.000","2","2","","0","0","0","0.000","0","0","0","0","0","0","","","","","","0.179","Sat, 25 Jul 2026 18:51:43 GMT","","","","","1.1","","","","","","https://knightlogics.com/images/showcase/roof-monsters-semrush-99.webp","2026-07-25 14:51:42"
"https://knightlogics.com/script.js?v=20260710rm2","application/javascript; charset=utf-8","200","OK","Indexable","","","0","0","","0","0","","0","","0","","0","","0","","","","","","","","","","0","0","0","0.000","","0","","","","","0.000","2","0","","0","0","0","0.000","0","0","0","0","0","0","","","","","","0.110","Sat, 25 Jul 2026 17:53:49 GMT","","","","","1.1","","","","","","https://knightlogics.com/script.js?v=20260710rm2","2026-07-25 14:51:42"
"https://knightlogics.com/images/showcase/roof-monsters-project.webp","image/webp","200","OK","Indexable","","","0","0","","0","0","","0","","0","","0","","0","","","","","","","","","","344264","344264","344264","51.020","","0","","","","","0.000","2","2","","0","0","0","0.000","0","0","0","0","0","0","","","","","","0.217","Sat, 25 Jul 2026 18:51:43 GMT","","","","","1.1","","","","","","https://knightlogics.com/images/showcase/roof-monsters-project.webp","2026-07-25 14:51:42"
"https://knightlogics.com/images/farrell/logo-cropped.png","image/png","200","OK","Indexable","","","0","0","","0","0","","0","","0","","0","","0","","","","","","","","","","163280","163280","163280","24.198","","0","","","","","0.000","2","2","","0","0","0","0.000","0","0","0","0","0","0","","","","","","0.257","Sat, 25 Jul 2026 18:51:43 GMT","","","","","1.1","","","","","","https://knightlogics.com/images/farrell/logo-cropped.png","2026-07-25 14:51:42"
"https://knightlogics.com/images/showcase/roof-monsters-homepage-wave.webp","image/webp","200","OK","Indexable","","","0","0","","0","0","","0","","0","","0","","0","","","","","","","","","","107110","107110","107110","15.874","","0","","","","","0.000","2","2","","0","0","0","0.000","0","0","0","0","0","0","","","","","","0.244","Sat, 25 Jul 2026 18:51:43 GMT","","","","","1.1","","","","","","https://knightlogics.com/images/showcase/roof-monsters-homepage-wave.webp","2026-07-25 14:51:42"
"https://knightlogics.com/images/showcase/roof-monsters-gsc-sitemap.webp","image/webp","200","OK","Indexable","","","0","0","","0","0","","0","","0","","0","","0","","","","","","","","","","11380","11380","11380","1.687","","0","","","","","0.000","2","2","","0","0","0","0.000","0","0","0","0","0","0","","","","","","0.133","Sat, 25 Jul 2026 18:51:43 GMT","","","","","1.1","","","","","","https://knightlogics.com/images/showcase/roof-monsters-gsc-sitemap.webp","2026-07-25 14:51:42"
"https://knightlogics.com/pricing?openPackage=ops-growth-systems-only-field","","0","Blocked by robots.txt","Non-Indexable","Blocked by robots.txt","","0","0","","0","0","","0","","0","","0","","0","","","","","","","","","","0","0","0","0.000","","0","","","","","0.000","2","0","","1","1","0","1.010","0","0","0","0","0","0","","","","","","","","","","","","None","","","","","","https://knightlogics.com/pricing?openPackage=ops-growth-systems-only-field","2026-07-25 14:51:42"
"https://knightlogics.com/pricing?openPackage=ops-custom-automation-system","","0","Blocked by robots.txt","Non-Indexable","Blocked by robots.txt","","0","0","","0","0","","0","","0","","0","","0","","","","","","","","","","0","0","0","0.000","","0","","","","","0.000","2","0","","1","1","0","1.010","0","0","0","0","0","0","","","","","","","","","","","","None","","","","","","https://knightlogics.com/pricing?openPackage=ops-custom-automation-system","2026-07-25 14:51:42"
"https://knightlogics.com/images/showcase/roof-monsters-ahrefs-100.webp","image/webp","200","OK","Indexable","","","0","0","","0","0","","0","","0","","0","","0","","","","","","","","","","56854","56854","56854","8.426","","0","","","","","0.000","2","2","","0","0","0","0.000","0","0","0","0","0","0","","","","","","0.166","Sat, 25 Jul 2026 18:51:43 GMT","","","","","1.1","","","","","","https://knightlogics.com/images/showcase/roof-monsters-ahrefs-100.webp","2026-07-25 14:51:42"
"https://knightlogics.com/pricing?openPackage=ops-full-growth-system","","0","Blocked by robots.txt","Non-Indexable","Blocked by robots.txt","","0","0","","0","0","","0","","0","","0","","0","","","","","","","","","","0","0","0","0.000","","0","","","","","0.000","2","0","","1","1","0","1.010","0","0","0","0","0","0","","","","","","","","","","","","None","","","","","","https://knightlogics.com/pricing?openPackage=ops-full-growth-system","2026-07-25 14:51:42"
"https://knightlogics.com/pricing?openPackage=ops-growth-systems-only-full","","0","Blocked by robots.txt","Non-Indexable","Blocked by robots.txt","","0","0","","0","0","","0","","0","","0","","0","","","","","","","","","","0","0","0","0.000","","0","","","","","0.000","2","0","","1","1","0","1.010","0","0","0","0","0","0","","","","","","","","","","","","None","","","","","","https://knightlogics.com/pricing?openPackage=ops-growth-systems-only-full","2026-07-25 14:51:42"
"https://knightlogics.com/pricing?openPackage=ops-growth-systems-only-starter","","0","Blocked by robots.txt","Non-Indexable","Blocked by robots.txt","","0","0","","0","0","","0","","0","","0","","0","","","","","","","","","","0","0","0","0.000","","0","","","","","0.000","2","0","","3","1","0","1.010","0","0","0","0","0","0","","","","","","","","","","","","None","","","","","","https://knightlogics.com/pricing?openPackage=ops-growth-systems-only-starter","2026-07-25 14:51:42"
"https://knightlogics.com/roofing-business-growth-systems","text/html; charset=utf-8","200","OK","Indexable","","Roofing Trade Growth Systems | Knight Logics","44","413","Roofing growth systems for Tampa Bay — trust pages, inspection lead capture, city SEO, CRM intake, and referral attribution for roofing contractors.","148","915","roofing website Tampa, roofing contractor SEO, storm season roofing leads","73","Growth Systems for Roofing Companies","36","Storm-season trust before the rush","34","Growth stack + referral network for your trade","46","","","","https://knightlogics.com/roofing-business-growth-systems","","","","","","39091","8217","8217","1.218","","1952","284","6.873","58.396","Fairly Hard","33.642","2","0","","4","2","0","2.020","22","10","0","0","0","0","","","","","7bb25756095b715d9c2aee56c13ac215","0.169","Sat, 25 Jul 2026 18:51:43 GMT","","","","en","1.1","","","","","","https://knightlogics.com/roofing-business-growth-systems","2026-07-25 14:51:42"
"https://knightlogics.com/style.css?v=20260715pixelforge1","text/css; charset=utf-8","200","OK","Indexable","","","0","0","","0","0","","0","","0","","0","","0","","","","","","","","","","0","0","0","0.000","","0","","","","","0.000","2","0","","0","0","0","0.000","0","0","0","0","0","0","","","","","","0.040","Sat, 25 Jul 2026 17:53:49 GMT","","","","","1.1","","","","","","https://knightlogics.com/style.css?v=20260715pixelforge1","2026-07-25 14:51:42"
"https://knightlogics.com/gbp-showcase.js?v=20260712proof1","application/javascript; charset=utf-8","200","OK","Indexable","","","0","0","","0","0","","0","","0","","0","","0","","","","","","","","","","0","0","0","0.000","","0","","","","","0.000","2","0","","0","0","0","0.000","0","0","0","0","0","0","","","","","","0.145","Sat, 25 Jul 2026 18:51:43 GMT","","","","","1.1","","","","","","https://knightlogics.com/gbp-showcase.js?v=20260712proof1","2026-07-25 14:51:42"
"https://knightlogics.com/images/showcase/case-study-knight-command-mockup.svg","image/svg+xml","200","OK","Indexable","","","0","0","","0","0","","0","","0","","0","","0","","","","","","","","","","0","0","0","0.000","","0","","","","","0.000","2","2","","0","0","0","0.000","0","0","0","0","0","0","","","","","","0.146","Sat, 25 Jul 2026 18:51:43 GMT","","","","","1.1","","","","","","https://knightlogics.com/images/showcase/case-study-knight-command-mockup.svg","2026-07-25 14:51:42"
"https://knightlogics.com/images/service-areas/clearwater.jpg","image/jpeg","200","OK","Indexable","","","0","0","","0","0","","0","","0","","0","","0","","","","","","","","","","147656","147656","147656","21.883","","0","","","","","0.000","2","2","","0","0","0","0.000","0","0","0","0","0","0","","","","","","0.230","Sat, 25 Jul 2026 18:51:43 GMT","","","","","1.1","","","","","","https://knightlogics.com/images/service-areas/clearwater.jpg","2026-07-25 14:51:42"
"https://knightlogics.com/images/KnightLogics%20-%20Rich%20Local.png","image/png","200","OK","Indexable","","","0","0","","0","0","","0","","0","","0","","0","","","","","","","","","","84784","84784","84784","12.565","","0","","","","","0.000","2","1","","0","0","0","0.000","0","0","0","0","0","0","","","","","","0.159","Sat, 25 Jul 2026 18:51:43 GMT","","","","","1.1","","","","","","https://knightlogics.com/images/KnightLogics%20-%20Rich%20Local.png","2026-07-25 14:51:42"
"https://knightlogics.com/images/added-media/Knight%20Command.png","image/png","200","OK","Indexable","","","0","0","","0","0","","0","","0","","0","","0","","","","","","","","","","97076","97076","97076","14.387","","0","","","","","0.000","2","2","","0","0","0","0.000","0","0","0","0","0","0","","","","","","0.206","Sat, 25 Jul 2026 18:51:44 GMT","","","","","1.1","","","","","","https://knightlogics.com/images/added-media/Knight%20Command.png","2026-07-25 14:51:43"
"https://knightlogics.com/images/KnightLogics%20-%20Breadcrumbs.png","image/png","200","OK","Indexable","","","0","0","","0","0","","0","","0","","0","","0","","","","","","","","","","50917","50917","50917","7.546","","0","","","","","0.000","2","1","","0","0","0","0.000","0","0","0","0","0","0","","","","","","0.204","Sat, 25 Jul 2026 18:51:44 GMT","","","","","1.1","","","","","","https://knightlogics.com/images/KnightLogics%20-%20Breadcrumbs.png","2026-07-25 14:51:43"
"https://knightlogics.com/images/KnightLogics%20-%20Rich%20Organization.png","image/png","200","OK","Indexable","","","0","0","","0","0","","0","","0","","0","","0","","","","","","","","","","84820","84820","84820","12.570","","0","","","","","0.000","2","1","","0","0","0","0.000","0","0","0","0","0","0","","","","","","0.197","Sat, 25 Jul 2026 18:51:44 GMT","","","","","1.1","","","","","","https://knightlogics.com/images/KnightLogics%20-%20Rich%20Organization.png","2026-07-25 14:51:43"
"https://knightlogics.com/images/KnightLogics%20-%20%20Rich%20Main.png","image/png","200","OK","Indexable","","","0","0","","0","0","","0","","0","","0","","0","","","","","","","","","","64367","64367","64367","9.539","","0","","","","","0.000","2","1","","0","0","0","0.000","0","0","0","0","0","0","","","","","","0.173","Sat, 25 Jul 2026 18:51:44 GMT","","","","","1.1","","","","","","https://knightlogics.com/images/KnightLogics%20-%20%20Rich%20Main.png","2026-07-25 14:51:43"
"https://knightlogics.com/images/KnightLogics%20-%20Indexed.png","image/png","200","OK","Indexable","","","0","0","","0","0","","0","","0","","0","","0","","","","","","","","","","69383","69383","69383","10.283","","0","","","","","0.000","2","1","","0","0","0","0.000","0","0","0","0","0","0","","","","","","0.206","Sat, 25 Jul 2026 18:51:44 GMT","","","","","1.1","","","","","","https://knightlogics.com/images/KnightLogics%20-%20Indexed.png","2026-07-25 14:51:43"
"https://knightlogics.com/images/websitehero.webp","image/webp","200","OK","Indexable","","","0","0","","0","0","","0","","0","","0","","0","","","","","","","","","","430962","430962","430962","63.869","","0","","","","","0.000","2","1","","0","0","0","0.000","0","0","0","0","0","0","","","","","","0.111","Sat, 25 Jul 2026 17:53:49 GMT","","","","","1.1","","","","","","https://knightlogics.com/images/websitehero.webp","2026-07-25 14:51:43"
"https://knightlogics.com/images/faith-works/stump-before.webp","image/webp","200","OK","Indexable","","","0","0","","0","0","","0","","0","","0","","0","","","","","","","","","","728854","728854","728854","108.016","","0","","","","","0.000","2","2","","0","0","0","0.000","0","0","0","0","0","0","","","","","","0.217","Sat, 25 Jul 2026 18:51:44 GMT","","","","","1.1","","","","","","https://knightlogics.com/images/faith-works/stump-before.webp","2026-07-25 14:51:43"
"https://knightlogics.com/images/faith-works/equipment.webp","image/webp","200","OK","Indexable","","","0","0","","0","0","","0","","0","","0","","0","","","","","","","","","","614910","614910","614910","91.130","","0","","","","","0.000","2","2","","0","0","0","0.000","0","0","0","0","0","0","","","","","","0.187","Sat, 25 Jul 2026 18:51:44 GMT","","","","","1.1","","","","","","https://knightlogics.com/images/faith-works/equipment.webp","2026-07-25 14:51:43"
"https://knightlogics.com/excavation-business-growth-systems","text/html; charset=utf-8","200","OK","Indexable","","Excavation Trade Growth Systems | Knight Logics","47","442","Excavation & site-work growth systems — geography SEO, project proof, lead routing, and referral paths for land clearing.","121","747","excavation website Florida, land clearing SEO, site work contractor marketing","77","Growth Systems for Excavation & Site Work","41","Heavy trades need proof, geography, and project scale","53","Growth stack + referral network for your trade","46","","","","https://knightlogics.com/excavation-business-growth-systems","","","","","","28706","6111","6111","0.906","","1026","169","6.071","58.106","Fairly Hard","24.049","2","0","","6","4","0","4.040","20","12","0","0","0","0","","","","","57af284b019c95b8f0b28f60d2f6e4c2","0.143","Sat, 25 Jul 2026 18:51:44 GMT","","","","en","1.1","","","","","","https://knightlogics.com/excavation-business-growth-systems","2026-07-25 14:51:43"
"https://knightlogics.com/images/faith-works/stump-after.webp","image/webp","200","OK","Indexable","","","0","0","","0","0","","0","","0","","0","","0","","","","","","","","","","541494","541494","541494","80.249","","0","","","","","0.000","2","2","","0","0","0","0.000","0","0","0","0","0","0","","","","","","0.135","Sat, 25 Jul 2026 18:51:44 GMT","","","","","1.1","","","","","","https://knightlogics.com/images/faith-works/stump-after.webp","2026-07-25 14:51:43"
"https://knightlogics.com/images/faith-works/clearing-banner.webp","image/webp","200","OK","Indexable","","","0","0","","0","0","","0","","0","","0","","0","","","","","","","","","","339206","339206","339206","50.270","","0","","","","","0.000","2","2","","0","0","0","0.000","0","0","0","0","0","0","","","","","","0.262","Sat, 25 Jul 2026 18:51:44 GMT","","","","","1.1","","","","","","https://knightlogics.com/images/faith-works/clearing-banner.webp","2026-07-25 14:51:43"
"https://knightlogics.com/images/faith-works/tractor-grapple.webp","image/webp","200","OK","Indexable","","","0","0","","0","0","","0","","0","","0","","0","","","","","","","","","","597556","597556","597556","88.558","","0","","","","","0.000","2","2","","0","0","0","0.000","0","0","0","0","0","0","","","","","","0.346","Sat, 25 Jul 2026 18:51:44 GMT","","","","","1.1","","","","","","https://knightlogics.com/images/faith-works/tractor-grapple.webp","2026-07-25 14:51:43"
"https://knightlogics.com/images/service-areas/st-petersburg.jpg","image/jpeg","200","OK","Indexable","","","0","0","","0","0","","0","","0","","0","","0","","","","","","","","","","144503","144503","144503","21.415","","0","","","","","0.000","2","2","","0","0","0","0.000","0","0","0","0","0","0","","","","","","0.262","Sat, 25 Jul 2026 18:51:44 GMT","","","","","1.1","","","","","","https://knightlogics.com/images/service-areas/st-petersburg.jpg","2026-07-25 14:51:43"
"https://knightlogics.com/images/JNS%20-%20Rich%20Main.png","image/png","200","OK","Indexable","","","0","0","","0","0","","0","","0","","0","","0","","","","","","","","","","64771","64771","64771","9.599","","0","","","","","0.000","2","1","","0","0","0","0.000","0","0","0","0","0","0","","","","","","0.284","Sat, 25 Jul 2026 18:51:45 GMT","","","","","1.1","","","","","","https://knightlogics.com/images/JNS%20-%20Rich%20Main.png","2026-07-25 14:51:44"
"https://knightlogics.com/images/showcase/jns-og-card.jpg","image/jpeg","200","OK","Indexable","","","0","0","","0","0","","0","","0","","0","","0","","","","","","","","","","63144","63144","63144","9.358","","0","","","","","0.000","2","2","","0","0","0","0.000","0","0","0","0","0","0","","","","","","0.246","Sat, 25 Jul 2026 18:51:45 GMT","","","","","1.1","","","","","","https://knightlogics.com/images/showcase/jns-og-card.jpg","2026-07-25 14:51:44"
"https://knightlogics.com/images/service-areas/palm-harbor.jpg","image/jpeg","200","OK","Indexable","","","0","0","","0","0","","0","","0","","0","","0","","","","","","","","","","186737","186737","186737","27.674","","0","","","","","0.000","2","2","","0","0","0","0.000","0","0","0","0","0","0","","","","","","0.177","Sat, 25 Jul 2026 18:51:45 GMT","","","","","1.1","","","","","","https://knightlogics.com/images/service-areas/palm-harbor.jpg","2026-07-25 14:51:44"
"https://knightlogics.com/images/JNS%20-%20Indexed.png","image/png","200","OK","Indexable","","","0","0","","0","0","","0","","0","","0","","0","","","","","","","","","","62473","62473","62473","9.258","","0","","","","","0.000","2","1","","0","0","0","0.000","0","0","0","0","0","0","","","","","","0.308","Sat, 25 Jul 2026 18:51:45 GMT","","","","","1.1","","","","","","https://knightlogics.com/images/JNS%20-%20Indexed.png","2026-07-25 14:51:44"
"https://knightlogics.com/style.css?v=20260724pkg1","text/css; charset=utf-8","200","OK","Indexable","","","0","0","","0","0","","0","","0","","0","","0","","","","","","","","","","0","0","0","0.000","","0","","","","","0.000","2","0","","0","0","0","0.000","0","0","0","0","0","0","","","","","","0.110","Sat, 25 Jul 2026 17:53:49 GMT","","","","","1.1","","","","","","https://knightlogics.com/style.css?v=20260724pkg1","2026-07-25 14:51:44"
"https://knightlogics.com/images/showcase/roof-monsters-lighthouse-97.webp","image/webp","200","OK","Indexable","","","0","0","","0","0","","0","","0","","0","","0","","","","","","","","","","40688","40688","40688","6.030","","0","","","","","0.000","2","2","","0","0","0","0.000","0","0","0","0","0","0","","","","","","0.169","Sat, 25 Jul 2026 18:51:45 GMT","","","","","1.1","","","","","","https://knightlogics.com/images/showcase/roof-monsters-lighthouse-97.webp","2026-07-25 14:51:44"
"https://knightlogics.com/performance-partner-program","text/html; charset=utf-8","200","OK","Indexable","","Performance Partner Program | Knight Logics","43","408","Performance partner program — shared upside with written attribution, baselines, and 90-day measurement windows for Tampa Bay growth system clients.","148","963","performance marketing partner, revenue share web design, growth partner Tampa","77","Performance Partner Program","27","Shared upside with written attribution rules","44","Agency retainers rarely tie fees to measurable outcomes","55","","","","https://knightlogics.com/performance-partner-program","","","","","","27917","5928","5928","0.879","","975","160","6.094","50.973","Fairly Hard","24.590","2","0","","10","10","0","10.100","14","8","0","0","0","0","","","","","8a4b1bb80fcf413b344eb5ca10cdc867","0.217","Sat, 25 Jul 2026 18:51:45 GMT","","","","en","1.1","","","","","","https://knightlogics.com/performance-partner-program","2026-07-25 14:51:44"
"https://knightlogics.com/script.js?v=20260724pkg1","application/javascript; charset=utf-8","200","OK","Indexable","","","0","0","","0","0","","0","","0","","0","","0","","","","","","","","","","0","0","0","0.000","","0","","","","","0.000","2","0","","0","0","0","0.000","0","0","0","0","0","0","","","","","","0.135","Sat, 25 Jul 2026 17:53:49 GMT","","","","","1.1","","","","","","https://knightlogics.com/script.js?v=20260724pkg1","2026-07-25 14:51:44"
"https://knightlogics.com/images/evidencedesk/logo.png","image/png","200","OK","Indexable","","","0","0","","0","0","","0","","0","","0","","0","","","","","","","","","","858157","858157","858157","127.179","","0","","","","","0.000","2","2","","0","0","0","0.000","0","0","0","0","0","0","","","","","","0.184","Sat, 25 Jul 2026 18:51:45 GMT","","","","","1.1","","","","","","https://knightlogics.com/images/evidencedesk/logo.png","2026-07-25 14:51:44"
"https://knightlogics.com/images/showcase/case-study-knightlogics-platform-mockup.webp","image/webp","200","OK","Indexable","","","0","0","","0","0","","0","","0","","0","","0","","","","","","","","","","27802","27802","27802","4.120","","0","","","","","0.000","2","2","","0","0","0","0.000","0","0","0","0","0","0","","","","","","0.133","Sat, 25 Jul 2026 18:51:45 GMT","","","","","1.1","","","","","","https://knightlogics.com/images/showcase/case-study-knightlogics-platform-mockup.webp","2026-07-25 14:51:44"
"https://knightlogics.com/internal-business-tools","text/html; charset=utf-8","200","OK","Indexable","","Internal Business Tools | Knight Logics","39","343","Internal business tools — custom dashboards, data views, and operator interfaces when off-the-shelf SaaS does not match your workflow.","134","854","custom internal business software, internal tools developer Tampa, business ops dashboard","89","Custom Internal Business Tools & Admin Panels","45","Operator UIs your team will actually open","41","Shared spreadsheets break when more than two people touch them","62","","","","https://knightlogics.com/internal-business-tools","","","","","","26041","5682","5682","0.842","","869","141","6.163","59.612","Fairly Hard","22.121","2","0","","2","2","0","2.020","14","8","0","0","0","0","","","","","8004512837b9634838241750081d7134","0.159","Sat, 25 Jul 2026 18:51:46 GMT","","","","en","1.1","","","","","","https://knightlogics.com/internal-business-tools","2026-07-25 14:51:45"
"https://knightlogics.com/images/ai-orchestrator-logo.webp","image/webp","200","OK","Indexable","","","0","0","","0","0","","0","","0","","0","","0","","","","","","","","","","36246","36246","36246","5.372","","0","","","","","0.000","2","1","","0","0","0","0.000","0","0","0","0","0","0","","","","","","0.161","Sat, 25 Jul 2026 18:51:46 GMT","","","","","1.1","","","","","","https://knightlogics.com/images/ai-orchestrator-logo.webp","2026-07-25 14:51:45"
"https://knightlogics.com/images/farrell/hero.png","image/png","200","OK","Indexable","","","0","0","","0","0","","0","","0","","0","","0","","","","","","","","","","1863645","1863645","1863645","276.192","","0","","","","","0.000","2","2","","0","0","0","0.000","0","0","0","0","0","0","","","","","","0.197","Sat, 25 Jul 2026 18:51:46 GMT","","","","","1.1","","","","","","https://knightlogics.com/images/farrell/hero.png","2026-07-25 14:51:45"
"https://knightlogics.com/images/evidencedesk-showcase-800.webp","image/webp","200","OK","Indexable","","","0","0","","0","0","","0","","0","","0","","0","","","","","","","","","","12102","12102","12102","1.794","","0","","","","","0.000","2","1","","0","0","0","0.000","0","0","0","0","0","0","","","","","","0.172","Sat, 25 Jul 2026 18:51:46 GMT","","","","","1.1","","","","","","https://knightlogics.com/images/evidencedesk-showcase-800.webp","2026-07-25 14:51:45"
"https://knightlogics.com/images/showcase/hospitality-system-mockup.svg","image/svg+xml","200","OK","Indexable","","","0","0","","0","0","","0","","0","","0","","0","","","","","","","","","","0","0","0","0.000","","0","","","","","0.000","2","2","","0","0","0","0.000","0","0","0","0","0","0","","","","","","0.091","Sat, 25 Jul 2026 18:51:46 GMT","","","","","1.1","","","","","","https://knightlogics.com/images/showcase/hospitality-system-mockup.svg","2026-07-25 14:51:45"
"https://knightlogics.com/images/showcase/screen-team-og-card.png","image/png","200","OK","Indexable","","","0","0","","0","0","","0","","0","","0","","0","","","","","","","","","","2465256","2465256","2465256","365.351","","0","","","","","0.000","2","2","","0","0","0","0.000","0","0","0","0","0","0","","","","","","0.252","Sat, 25 Jul 2026 18:51:46 GMT","","","","","1.1","","","","","","https://knightlogics.com/images/showcase/screen-team-og-card.png","2026-07-25 14:51:45"
"https://knightlogics.com/images/showcase/case-study-social-poster-mockup.webp","image/webp","200","OK","Indexable","","","0","0","","0","0","","0","","0","","0","","0","","","","","","","","","","21738","21738","21738","3.222","","0","","","","","0.000","2","2","","0","0","0","0.000","0","0","0","0","0","0","","","","","","0.141","Sat, 25 Jul 2026 18:51:46 GMT","","","","","1.1","","","","","","https://knightlogics.com/images/showcase/case-study-social-poster-mockup.webp","2026-07-25 14:51:45"
"https://knightlogics.com/case-study-social-poster","text/html; charset=utf-8","200","OK","Indexable","","Social Poster Case Study | Knight Logics","40","359","Social Poster case study — multi-brand social queue, approvals, and showcase posting for service business growth stacks.","120","755","social media manager automation, multi-brand social queue, social posting dashboard","83","Multi-Brand Social Posting Runners","34","Social Poster walkthrough & proof","33","Hybrid API and Playwright social runners","40","","","","https://knightlogics.com/case-study-social-poster","","","","","","22956","4911","4911","0.728","","941","152","6.191","59.581","Fairly Hard","26.999","2","0","","10","7","0","7.070","14","6","0","0","0","0","","","","","2947b6a5d20fe62b949e8e083516c0a4","0.196","Sat, 25 Jul 2026 18:51:46 GMT","","","","en","1.1","","","","","","https://knightlogics.com/case-study-social-poster","2026-07-25 14:51:45"
"https://knightlogics.com/web-designer-riverview","text/html; charset=utf-8","200","OK","Indexable","","Web Design Riverview FL | Hand-Coded Sites That Rank","52","494","Web design Riverview FL — hand-coded sites for Hillsborough County service businesses with local SEO, GBP alignment, and Tampa Bay case studies. Free audit.","156","991","Riverview web designer, web design Riverview FL, Riverview website designer, local SEO Riverview, Hillsborough County web design","128","Riverview Web Designer for Service Businesses","45","Talk Through Your Project","25","Why Riverview needs a stronger website than a template","54","","","","https://knightlogics.com/web-designer-riverview","","","","","","40520","9836","9836","1.458","","1545","228","6.776","59.450","Fairly Hard","27.376","2","0","","24","21","0","21.210","61","36","0","0","0","0","","","","","ca1307f101c5e439b8c69f86ac5ea477","0.110","Sat, 25 Jul 2026 18:51:46 GMT","","","","en","1.1","","","","","","https://knightlogics.com/web-designer-riverview","2026-07-25 14:51:45"
"https://knightlogics.com/web-designer-pinellas-park","text/html; charset=utf-8","200","OK","Indexable","","Web Design Pinellas Park FL | Hand-Coded Sites That Rank","56","525","Web design Pinellas Park FL — hand-coded sites for Pinellas County service businesses with local SEO, GBP alignment, and Tampa Bay case studies. Free audit.","156","981","Pinellas Park web designer, web design Pinellas Park FL, Pinellas Park website designer, local SEO Pinellas Park, Pinellas County web design","140","Pinellas Park Web Designer for Service Businesses","49","Talk Through Your Project","25","Why Pinellas Park needs a stronger website than a template","58","","","","https://knightlogics.com/web-designer-pinellas-park","","","","","","40775","9842","9842","1.459","","1597","227","7.035","61.007","Normal","27.605","2","0","","25","21","0","21.210","61","36","0","0","0","0","","","","","cc49ad51f4c221224d636368c7a7c3f3","0.183","Sat, 25 Jul 2026 18:51:46 GMT","","","","en","1.1","","","","","","https://knightlogics.com/web-designer-pinellas-park","2026-07-25 14:51:45"
"https://knightlogics.com/web-designer-lutz","text/html; charset=utf-8","200","OK","Indexable","","Web Design Lutz FL | Hand-Coded Sites That Rank","47","447","Web design Lutz FL — hand-coded sites for Hillsborough County service businesses with local SEO, GBP alignment, and Tampa Bay case studies. Free audit.","151","960","Lutz web designer, web design Lutz FL, Lutz website designer, local SEO Lutz, Hillsborough County web design","108","Lutz Web Designer for Service Businesses","40","Talk Through Your Project","25","Why Lutz needs a stronger website than a template","49","","","","https://knightlogics.com/web-designer-lutz","","","","","","40099","9797","9797","1.452","","1547","218","7.096","64.830","Normal","27.007","2","0","","27","21","0","21.210","61","36","0","0","0","0","","","","","885538263f5336165cbdc19bb323c09a","0.122","Sat, 25 Jul 2026 18:51:46 GMT","","","","en","1.1","","","","","","https://knightlogics.com/web-designer-lutz","2026-07-25 14:51:45"
"https://knightlogics.com/web-designer-land-o-lakes","text/html; charset=utf-8","200","OK","Indexable","","Web Design Land O' Lakes FL | Hand-Coded Sites That Rank","56","532","Web design Land O' Lakes FL — hand-coded sites for Pasco County service businesses with local SEO, GBP alignment, and Tampa Bay case studies. Free audit.","153","979","Land O' Lakes web designer, web design Land O' Lakes FL, Land O' Lakes website designer, local SEO Land O' Lakes, Pasco County web design","137","Land O' Lakes Web Designer for Service Businesses","49","Talk Through Your Project","25","Why Land O' Lakes needs a stronger website than a template","58","","","","https://knightlogics.com/web-designer-land-o-lakes","","","","","","40737","9840","9840","1.458","","1644","227","7.242","65.688","Normal","27.493","2","0","","25","21","0","21.210","61","36","0","0","0","0","","","","","849ce058e7ce6b5f2603dfd4f6d0ec9d","0.175","Sat, 25 Jul 2026 18:51:46 GMT","","","","en","1.1","","","","","","https://knightlogics.com/web-designer-land-o-lakes","2026-07-25 14:51:45"
"https://knightlogics.com/web-designer-dunedin","text/html; charset=utf-8","200","OK","Indexable","","Web Design Dunedin FL | Hand-Coded Sites That Rank","50","481","Web design Dunedin FL — hand-coded sites for Pinellas County service businesses with local SEO, GBP alignment, and Tampa Bay case studies. Free audit.","150","952","Dunedin web designer, web design Dunedin FL, Dunedin website designer, local SEO Dunedin, Pinellas County web design","116","Dunedin Web Designer for Service Businesses","43","Talk Through Your Project","25","Why Dunedin needs a stronger website than a template","52","","","","https://knightlogics.com/web-designer-dunedin","","","","","","40290","9810","9810","1.454","","1550","222","6.982","59.858","Fairly Hard","27.179","2","0","","27","21","0","21.210","61","36","0","0","0","0","","","","","d375b9ad7be6c6462ac2acb6f4b5603","0.144","Sat, 25 Jul 2026 18:51:46 GMT","","","","en","1.1","","","","","","https://knightlogics.com/web-designer-dunedin","2026-07-25 14:51:45"
"https://knightlogics.com/web-designer-new-port-richey","text/html; charset=utf-8","200","OK","Indexable","","Web Design New Port Richey FL | Hand-Coded Sites That Rank","58","554","Web design New Port Richey FL — hand-coded sites for Pasco County service businesses with local SEO, GBP alignment, and Tampa Bay case studies. Free audit.","155","994","New Port Richey web designer, web design New Port Richey FL, New Port Richey website designer, local SEO New Port Richey, Pasco County web design","145","New Port Richey Web Designer for Service Businesses","51","Talk Through Your Project","25","Why New Port Richey needs a stronger website than a template","60","","","","https://knightlogics.com/web-designer-new-port-richey","","","","","","40905","9831","9831","1.457","","1646","227","7.251","65.585","Normal","27.691","2","0","","27","21","0","21.210","61","36","0","0","0","0","","","","","1b8512a1b8b086c0f06ebc1bbdec97ce","0.159","Sat, 25 Jul 2026 18:51:46 GMT","","","","en","1.1","","","","","","https://knightlogics.com/web-designer-new-port-richey","2026-07-25 14:51:45"
"https://knightlogics.com/web-designer-seminole","text/html; charset=utf-8","200","OK","Indexable","","Web Design Seminole FL | Hand-Coded Sites That Rank","51","492","Web design Seminole FL — hand-coded sites for Pinellas County service businesses with local SEO, GBP alignment, and Tampa Bay case studies. Free audit.","151","957","Seminole web designer, web design Seminole FL, Seminole website designer, local SEO Seminole, Pinellas County web design","120","Seminole Web Designer for Service Businesses","44","Talk Through Your Project","25","Why Seminole needs a stronger website than a template","53","","","","https://knightlogics.com/web-designer-seminole","","","","","","40380","9822","9822","1.456","","1549","226","6.854","56.948","Fairly Hard","27.260","2","0","","25","21","0","21.210","61","36","0","0","0","0","","","","","fb1b55788ca1b785c060d6575eb706d","0.137","Sat, 25 Jul 2026 18:51:46 GMT","","","","en","1.1","","","","","","https://knightlogics.com/web-designer-seminole","2026-07-25 14:51:45"
"https://knightlogics.com/images/added-media/lighthouse-perfect.webp","image/webp","200","OK","Indexable","","","0","0","","0","0","","0","","0","","0","","0","","","","","","","","","","24542","24542","24542","3.637","","0","","","","","0.000","2","2","","0","0","0","0.000","0","0","0","0","0","0","","","","","","0.074","Sat, 25 Jul 2026 18:51:46 GMT","","","","","1.1","","","","","","https://knightlogics.com/images/added-media/lighthouse-perfect.webp","2026-07-25 14:51:45"
"https://knightlogics.com/images/added-media/gbp-reviews.webp","image/webp","200","OK","Indexable","","","0","0","","0","0","","0","","0","","0","","0","","","","","","","","","","48594","48594","48594","7.202","","0","","","","","0.000","2","2","","0","0","0","0.000","0","0","0","0","0","0","","","","","","0.178","Sat, 25 Jul 2026 18:51:46 GMT","","","","","1.1","","","","","","https://knightlogics.com/images/added-media/gbp-reviews.webp","2026-07-25 14:51:45"
"https://knightlogics.com/web-designer-temple-terrace","text/html; charset=utf-8","200","OK","Indexable","","Web Design Temple Terrace FL | Hand-Coded Sites That Rank","57","550","Web design Temple Terrace FL — hand-coded sites for Hillsborough County service businesses with local SEO, GBP alignment, and Tampa Bay case studies. Free audit.","161","1027","Temple Terrace web designer, web design Temple Terrace FL, Temple Terrace website designer, local SEO Temple Terrace, Hillsborough County web design","148","Temple Terrace Web Designer for Service Businesses","50","Talk Through Your Project","25","Why Temple Terrace needs a stronger website than a template","59","","","","https://knightlogics.com/web-designer-temple-terrace","","","","","","40919","9858","9858","1.461","","1598","229","6.978","60.464","Normal","27.711","2","0","","28","21","0","21.210","61","36","0","0","0","0","","","","","7fc412bc7b15074f38780a02a2326cdb","0.141","Sat, 25 Jul 2026 18:51:46 GMT","","","","en","1.1","","","","","","https://knightlogics.com/web-designer-temple-terrace","2026-07-25 14:51:45"
"https://knightlogics.com/web-designer-tarpon-springs","text/html; charset=utf-8","200","OK","Indexable","","Web Design Tarpon Springs FL | Hand-Coded Sites That Rank","57","543","Web design Tarpon Springs FL — hand-coded sites for Pinellas County service businesses with local SEO, GBP alignment, and Tampa Bay case studies. Free audit.","157","996","Tarpon Springs web designer, web design Tarpon Springs FL, Tarpon Springs website designer, local SEO Tarpon Springs, Pinellas County web design","144","Tarpon Springs Web Designer for Service Businesses","50","Talk Through Your Project","25","Why Tarpon Springs needs a stronger website than a template","59","","","","https://knightlogics.com/web-designer-tarpon-springs","","","","","","40840","9841","9841","1.458","","1597","228","7.004","64.005","Normal","27.627","2","0","","26","21","0","21.210","61","36","0","0","0","0","","","","","da3cbbb56655d932e774b3cec51a3a4c","0.091","Sat, 25 Jul 2026 18:51:46 GMT","","","","en","1.1","","","","","","https://knightlogics.com/web-designer-tarpon-springs","2026-07-25 14:51:46"
"https://knightlogics.com/script.js?v=20260724city20","application/javascript; charset=utf-8","200","OK","Indexable","","","0","0","","0","0","","0","","0","","0","","0","","","","","","","","","","0","0","0","0.000","","0","","","","","0.000","2","0","","0","0","0","0.000","0","0","0","0","0","0","","","","","","0.041","Sat, 25 Jul 2026 17:53:49 GMT","","","","","1.1","","","","","","https://knightlogics.com/script.js?v=20260724city20","2026-07-25 14:51:46"
"https://knightlogics.com/remote-us-services","text/html; charset=utf-8","200","OK","Indexable","","Remote Web Design US | Nationwide Small Business Websites | Knight Logics","73","692","Remote web design US from Safety Harbor — nationwide small business websites, local SEO, and automation via video handoffs.","123","793","remote web design US, nationwide small business websites, remote website developer United States","96","Remote web design US — Tampa Bay based, nationwide delivery","59","Local focus, national delivery","30","What “nationwide small business websites” means here","52","","","","https://knightlogics.com/remote-us-services","","","","","","12793","4432","4432","0.657","","1014","155","6.542","59.529","Fairly Hard","50.741","2","0","","63","21","0","21.210","7","5","0","0","0","0","","","","","8cf58b5e4dd974a2a9a1419a257fd98e","0.128","Sat, 25 Jul 2026 18:51:47 GMT","","","","en","1.1","","","","","","https://knightlogics.com/remote-us-services","2026-07-25 14:51:46"
"https://knightlogics.com/web-designer-brandon","text/html; charset=utf-8","200","OK","Indexable","","Web Design Brandon FL | Hand-Coded Sites That Rank","50","482","Web design Brandon FL — hand-coded sites for Hillsborough County service businesses with local SEO, GBP alignment, and Tampa Bay case studies. Free audit.","154","986","Brandon web designer, web design Brandon FL, Brandon website designer, local SEO Brandon, Hillsborough County web design","120","Brandon Web Designer for Service Businesses","43","Talk Through Your Project","25","Why Brandon needs a stronger website than a template","52","","","","https://knightlogics.com/web-designer-brandon","","","","","","40344","9826","9826","1.456","","1549","224","6.915","62.239","Normal","27.235","2","0","","26","21","0","21.210","61","36","0","0","0","0","","","","","406ebce9ccb704b3ace77fa1db93a86","0.158","Sat, 25 Jul 2026 18:51:47 GMT","","","","en","1.1","","","","","","https://knightlogics.com/web-designer-brandon","2026-07-25 14:51:46"
"https://knightlogics.com/images/added-media/knight-group-site.webp","image/webp","200","OK","Indexable","","","0","0","","0","0","","0","","0","","0","","0","","","","","","","","","","33270","33270","33270","4.931","","0","","","","","0.000","2","2","","0","0","0","0.000","0","0","0","0","0","0","","","","","","0.133","Sat, 25 Jul 2026 18:51:47 GMT","","","","","1.1","","","","","","https://knightlogics.com/images/added-media/knight-group-site.webp","2026-07-25 14:51:46"
"https://knightlogics.com/style.css?v=20260724city20","text/css; charset=utf-8","200","OK","Indexable","","","0","0","","0","0","","0","","0","","0","","0","","","","","","","","","","0","0","0","0.000","","0","","","","","0.000","2","0","","0","0","0","0.000","0","0","0","0","0","0","","","","","","0.107","Sat, 25 Jul 2026 17:53:49 GMT","","","","","1.1","","","","","","https://knightlogics.com/style.css?v=20260724city20","2026-07-25 14:51:46"
"https://knightlogics.com/web-designer-oldsmar","text/html; charset=utf-8","200","OK","Indexable","","Web Design Oldsmar FL | Hand-Coded Sites That Rank","50","484","Web design Oldsmar FL — hand-coded sites for Pinellas County service businesses with local SEO, GBP alignment, and Tampa Bay case studies. Free audit.","150","954","Oldsmar web designer, web design Oldsmar FL, Oldsmar website designer, local SEO Oldsmar, Pinellas County web design","116","Oldsmar Web Designer for Service Businesses","43","Talk Through Your Project","25","Why Oldsmar needs a stronger website than a template","52","","","","https://knightlogics.com/web-designer-oldsmar","","","","","","40292","9831","9831","1.457","","1550","224","6.920","62.377","Normal","27.208","2","0","","27","21","0","21.210","61","36","0","0","0","0","","","","","a01f60239dd264c5eb3d0ef9ac4ba90b","0.153","Sat, 25 Jul 2026 18:51:47 GMT","","","","en","1.1","","","","","","https://knightlogics.com/web-designer-oldsmar","2026-07-25 14:51:46"
"https://knightlogics.com/images/service-areas/tampa.jpg","image/jpeg","200","OK","Indexable","","","0","0","","0","0","","0","","0","","0","","0","","","","","","","","","","375131","375131","375131","55.594","","0","","","","","0.000","2","2","","0","0","0","0.000","0","0","0","0","0","0","","","","","","0.123","Sat, 25 Jul 2026 18:51:47 GMT","","","","","1.1","","","","","","https://knightlogics.com/images/service-areas/tampa.jpg","2026-07-25 14:51:46"
"https://knightlogics.com/web-designer-plant-city","text/html; charset=utf-8","200","OK","Indexable","","Web Design Plant City FL | Hand-Coded Sites That Rank","53","494","Web design Plant City FL — hand-coded sites for Hillsborough County service businesses with local SEO, GBP alignment, and Tampa Bay case studies. Free audit.","157","992","Plant City web designer, web design Plant City FL, Plant City website designer, local SEO Plant City, Hillsborough County web design","132","Plant City Web Designer for Service Businesses","46","Talk Through Your Project","25","Why Plant City needs a stronger website than a template","55","","","","https://knightlogics.com/web-designer-plant-city","","","","","","40609","9839","9839","1.458","","1596","228","7.000","63.236","Normal","27.459","2","0","","24","21","0","21.210","61","36","0","0","0","0","","","","","42b807be2a52dc174b0f22f5b9b84b2c","0.084","Sat, 25 Jul 2026 18:51:47 GMT","","","","en","1.1","","","","","","https://knightlogics.com/web-designer-plant-city","2026-07-25 14:51:46"
"https://knightlogics.com/images/added-media/jns-site.webp","image/webp","200","OK","Indexable","","","0","0","","0","0","","0","","0","","0","","0","","","","","","","","","","48468","48468","48468","7.183","","0","","","","","0.000","2","2","","0","0","0","0.000","0","0","0","0","0","0","","","","","","0.172","Sat, 25 Jul 2026 18:51:47 GMT","","","","","1.1","","","","","","https://knightlogics.com/images/added-media/jns-site.webp","2026-07-25 14:51:46"
"https://knightlogics.com/web-designer-wesley-chapel","text/html; charset=utf-8","200","OK","Indexable","","Web Design Wesley Chapel FL | Hand-Coded Sites That Rank","56","539","Web design Wesley Chapel FL — hand-coded sites for Pasco County service businesses with local SEO, GBP alignment, and Tampa Bay case studies. Free audit.","153","981","Wesley Chapel web designer, web design Wesley Chapel FL, Wesley Chapel website designer, local SEO Wesley Chapel, Pasco County web design","137","Wesley Chapel Web Designer for Service Businesses","49","Talk Through Your Project","25","Why Wesley Chapel needs a stronger website than a template","58","","","","https://knightlogics.com/web-designer-wesley-chapel","","","","","","40711","9828","9828","1.457","","1595","228","6.996","61.775","Normal","27.520","2","0","","27","21","0","21.210","61","36","0","0","0","0","","","","","4e767128294b97f344af0ceeea55baf4","0.231","Sat, 25 Jul 2026 18:51:47 GMT","","","","en","1.1","","","","","","https://knightlogics.com/web-designer-wesley-chapel","2026-07-25 14:51:46"
"https://knightlogics.com/book-consultation?package=monthly-growth-management","","0","Blocked by robots.txt","Non-Indexable","Blocked by robots.txt","","0","0","","0","0","","0","","0","","0","","0","","","","","","","","","","0","0","0","0.000","","0","","","","","0.000","2","0","","1","1","0","1.010","0","0","0","0","0","0","","","","","","","","","","","","None","","","","","","https://knightlogics.com/book-consultation?package=monthly-growth-management","2026-07-25 14:51:46"
"https://knightlogics.com/images/added-media/screen-team-site.webp","image/webp","200","OK","Indexable","","","0","0","","0","0","","0","","0","","0","","0","","","","","","","","","","45312","45312","45312","6.715","","0","","","","","0.000","2","2","","0","0","0","0.000","0","0","0","0","0","0","","","","","","0.161","Sat, 25 Jul 2026 18:51:47 GMT","","","","","1.1","","","","","","https://knightlogics.com/images/added-media/screen-team-site.webp","2026-07-25 14:51:46"
"https://knightlogics.com/book-consultation?package=addon-social-care","","0","Blocked by robots.txt","Non-Indexable","Blocked by robots.txt","","0","0","","0","0","","0","","0","","0","","0","","","","","","","","","","0","0","0","0.000","","0","","","","","0.000","2","0","","1","1","0","1.010","0","0","0","0","0","0","","","","","","","","","","","","None","","","","","","https://knightlogics.com/book-consultation?package=addon-social-care","2026-07-25 14:51:46"
"https://knightlogics.com/pricing?openPackage=ops-automated-job-records","","0","Blocked by robots.txt","Non-Indexable","Blocked by robots.txt","","0","0","","0","0","","0","","0","","0","","0","","","","","","","","","","0","0","0","0.000","","0","","","","","0.000","2","0","","1","1","0","1.010","0","0","0","0","0","0","","","","","","","","","","","","None","","","","","","https://knightlogics.com/pricing?openPackage=ops-automated-job-records","2026-07-25 14:51:46"
"https://knightlogics.com/pricing?openPackage=ops-job-records-system","","0","Blocked by robots.txt","Non-Indexable","Blocked by robots.txt","","0","0","","0","0","","0","","0","","0","","0","","","","","","","","","","0","0","0","0.000","","0","","","","","0.000","2","0","","1","1","0","1.010","0","0","0","0","0","0","","","","","","","","","","","","None","","","","","","https://knightlogics.com/pricing?openPackage=ops-job-records-system","2026-07-25 14:51:46"
"https://knightlogics.com/book-consultation?package=ops-automation-build","","0","Blocked by robots.txt","Non-Indexable","Blocked by robots.txt","","0","0","","0","0","","0","","0","","0","","0","","","","","","","","","","0","0","0","0.000","","0","","","","","0.000","2","0","","1","1","0","1.010","0","0","0","0","0","0","","","","","","","","","","","","None","","","","","","https://knightlogics.com/book-consultation?package=ops-automation-build","2026-07-25 14:51:46"
"https://knightlogics.com/book-consultation?package=ecommerce-operations","","0","Blocked by robots.txt","Non-Indexable","Blocked by robots.txt","","0","0","","0","0","","0","","0","","0","","0","","","","","","","","","","0","0","0","0.000","","0","","","","","0.000","2","0","","1","1","0","1.010","0","0","0","0","0","0","","","","","","","","","","","","None","","","","","","https://knightlogics.com/book-consultation?package=ecommerce-operations","2026-07-25 14:51:46"
"https://knightlogics.com/book-consultation?package=ops-custom-automation-system","","0","Blocked by robots.txt","Non-Indexable","Blocked by robots.txt","","0","0","","0","0","","0","","0","","0","","0","","","","","","","","","","0","0","0","0.000","","0","","","","","0.000","2","0","","1","1","0","1.010","0","0","0","0","0","0","","","","","","","","","","","","None","","","","","","https://knightlogics.com/book-consultation?package=ops-custom-automation-system","2026-07-25 14:51:46"
"https://knightlogics.com/book-consultation?package=gbp-recovery","","0","Blocked by robots.txt","Non-Indexable","Blocked by robots.txt","","0","0","","0","0","","0","","0","","0","","0","","","","","","","","","","0","0","0","0.000","","0","","","","","0.000","2","0","","1","1","0","1.010","0","0","0","0","0","0","","","","","","","","","","","","None","","","","","","https://knightlogics.com/book-consultation?package=gbp-recovery","2026-07-25 14:51:46"
"https://knightlogics.com/book-consultation?package=gbp-optimization","","0","Blocked by robots.txt","Non-Indexable","Blocked by robots.txt","","0","0","","0","0","","0","","0","","0","","0","","","","","","","","","","0","0","0","0.000","","0","","","","","0.000","2","0","","1","1","0","1.010","0","0","0","0","0","0","","","","","","","","","","","","None","","","","","","https://knightlogics.com/book-consultation?package=gbp-optimization","2026-07-25 14:51:46"
"https://knightlogics.com/book-consultation?package=addon-print-brand","","0","Blocked by robots.txt","Non-Indexable","Blocked by robots.txt","","0","0","","0","0","","0","","0","","0","","0","","","","","","","","","","0","0","0","0.000","","0","","","","","0.000","2","0","","1","1","0","1.010","0","0","0","0","0","0","","","","","","","","","","","","None","","","","","","https://knightlogics.com/book-consultation?package=addon-print-brand","2026-07-25 14:51:46"
"https://knightlogics.com/book-consultation?package=ops-growth-system-starter","","0","Blocked by robots.txt","Non-Indexable","Blocked by robots.txt","","0","0","","0","0","","0","","0","","0","","0","","","","","","","","","","0","0","0","0.000","","0","","","","","0.000","2","0","","1","1","0","1.010","0","0","0","0","0","0","","","","","","","","","","","","None","","","","","","https://knightlogics.com/book-consultation?package=ops-growth-system-starter","2026-07-25 14:51:46"
"https://knightlogics.com/pricing?openPackage=gbp-maintenance","","0","Blocked by robots.txt","Non-Indexable","Blocked by robots.txt","","0","0","","0","0","","0","","0","","0","","0","","","","","","","","","","0","0","0","0.000","","0","","","","","0.000","2","0","","1","1","0","1.010","0","0","0","0","0","0","","","","","","","","","","","","None","","","","","","https://knightlogics.com/pricing?openPackage=gbp-maintenance","2026-07-25 14:51:46"
"https://knightlogics.com/book-consultation?package=ecommerce-care-growth","","0","Blocked by robots.txt","Non-Indexable","Blocked by robots.txt","","0","0","","0","0","","0","","0","","0","","0","","","","","","","","","","0","0","0","0.000","","0","","","","","0.000","2","0","","1","1","0","1.010","0","0","0","0","0","0","","","","","","","","","","","","None","","","","","","https://knightlogics.com/book-consultation?package=ecommerce-care-growth","2026-07-25 14:51:46"
"https://knightlogics.com/pricing?openPackage=ecommerce-preview-catalog","","0","Blocked by robots.txt","Non-Indexable","Blocked by robots.txt","","0","0","","0","0","","0","","0","","0","","0","","","","","","","","","","0","0","0","0.000","","0","","","","","0.000","2","0","","3","2","0","2.020","0","0","0","0","0","0","","","","","","","","","","","","None","","","","","","https://knightlogics.com/pricing?openPackage=ecommerce-preview-catalog","2026-07-25 14:51:46"
"https://knightlogics.com/pricing/package-checkout.js?v=20260725catalog1","application/javascript; charset=utf-8","200","OK","Indexable","","","0","0","","0","0","","0","","0","","0","","0","","","","","","","","","","0","0","0","0.000","","0","","","","","0.000","2","1","","0","0","0","0.000","0","0","0","0","0","0","","","","","","0.044","Sat, 25 Jul 2026 17:53:49 GMT","","","","","1.1","","","","","","https://knightlogics.com/pricing/package-checkout.js?v=20260725catalog1","2026-07-25 14:51:46"
"https://knightlogics.com/pricing?openPackage=monthly-local-seo-starter","","0","Blocked by robots.txt","Non-Indexable","Blocked by robots.txt","","0","0","","0","0","","0","","0","","0","","0","","","","","","","","","","0","0","0","0.000","","0","","","","","0.000","2","0","","1","1","0","1.010","0","0","0","0","0","0","","","","","","","","","","","","None","","","","","","https://knightlogics.com/pricing?openPackage=monthly-local-seo-starter","2026-07-25 14:51:46"
"https://knightlogics.com/pricing?openPackage=ecommerce-growth-store","","0","Blocked by robots.txt","Non-Indexable","Blocked by robots.txt","","0","0","","0","0","","0","","0","","0","","0","","","","","","","","","","0","0","0","0.000","","0","","","","","0.000","2","0","","1","1","0","1.010","0","0","0","0","0","0","","","","","","","","","","","","None","","","","","","https://knightlogics.com/pricing?openPackage=ecommerce-growth-store","2026-07-25 14:51:46"
"https://knightlogics.com/book-consultation?package=ops-full-growth-system","","0","Blocked by robots.txt","Non-Indexable","Blocked by robots.txt","","0","0","","0","0","","0","","0","","0","","0","","","","","","","","","","0","0","0","0.000","","0","","","","","0.000","2","0","","1","1","0","1.010","0","0","0","0","0","0","","","","","","","","","","","","None","","","","","","https://knightlogics.com/book-consultation?package=ops-full-growth-system","2026-07-25 14:51:46"
"https://knightlogics.com/pricing?openPackage=monthly-visibility-pro","","0","Blocked by robots.txt","Non-Indexable","Blocked by robots.txt","","0","0","","0","0","","0","","0","","0","","0","","","","","","","","","","0","0","0","0.000","","0","","","","","0.000","2","0","","1","1","0","1.010","0","0","0","0","0","0","","","","","","","","","","","","None","","","","","","https://knightlogics.com/pricing?openPackage=monthly-visibility-pro","2026-07-25 14:51:46"
"https://knightlogics.com/pricing?openPackage=gbp-setup","","0","Blocked by robots.txt","Non-Indexable","Blocked by robots.txt","","0","0","","0","0","","0","","0","","0","","0","","","","","","","","","","0","0","0","0.000","","0","","","","","0.000","2","0","","1","1","0","1.010","0","0","0","0","0","0","","","","","","","","","","","","None","","","","","","https://knightlogics.com/pricing?openPackage=gbp-setup","2026-07-25 14:51:46"
"https://knightlogics.com/pricing?openPackage=ecommerce-advanced-system","","0","Blocked by robots.txt","Non-Indexable","Blocked by robots.txt","","0","0","","0","0","","0","","0","","0","","0","","","","","","","","","","0","0","0","0.000","","0","","","","","0.000","2","0","","1","1","0","1.010","0","0","0","0","0","0","","","","","","","","","","","","None","","","","","","https://knightlogics.com/pricing?openPackage=ecommerce-advanced-system","2026-07-25 14:51:46"
"https://knightlogics.com/pricing?openPackage=monthly-visibility-standard","","0","Blocked by robots.txt","Non-Indexable","Blocked by robots.txt","","0","0","","0","0","","0","","0","","0","","0","","","","","","","","","","0","0","0","0.000","","0","","","","","0.000","2","0","","1","1","0","1.010","0","0","0","0","0","0","","","","","","","","","","","","None","","","","","","https://knightlogics.com/pricing?openPackage=monthly-visibility-standard","2026-07-25 14:51:46"
"https://knightlogics.com/pricing?openPackage=ecommerce-launch","","0","Blocked by robots.txt","Non-Indexable","Blocked by robots.txt","","0","0","","0","0","","0","","0","","0","","0","","","","","","","","","","0","0","0","0.000","","0","","","","","0.000","2","0","","1","1","0","1.010","0","0","0","0","0","0","","","","","","","","","","","","None","","","","","","https://knightlogics.com/pricing?openPackage=ecommerce-launch","2026-07-25 14:51:46"
"https://knightlogics.com/book-consultation?package=addon-lead-capture","","0","Blocked by robots.txt","Non-Indexable","Blocked by robots.txt","","0","0","","0","0","","0","","0","","0","","0","","","","","","","","","","0","0","0","0.000","","0","","","","","0.000","2","0","","1","1","0","1.010","0","0","0","0","0","0","","","","","","","","","","","","None","","","","","","https://knightlogics.com/book-consultation?package=addon-lead-capture","2026-07-25 14:51:46"
"https://knightlogics.com/web-designer-largo","text/html; charset=utf-8","200","OK","Indexable","","Web Design Largo FL | Hand-Coded Sites That Rank","48","459","Web design Largo FL — hand-coded sites for Pinellas County service businesses with local SEO, GBP alignment, and Tampa Bay case studies. Free audit.","148","938","Largo web designer, web design Largo FL, Largo website designer, local SEO Largo, Pinellas County web design","108","Largo Web Designer for Service Businesses","41","Talk Through Your Project","25","Why Largo needs a stronger website than a template","50","","","","https://knightlogics.com/web-designer-largo","","","","","","40150","9805","9805","1.453","","1552","222","6.991","62.210","Normal","27.075","2","0","","27","21","0","21.210","61","36","0","0","0","0","","","","","d7dbbf9b0086894dc439384437c859db","0.127","Sat, 25 Jul 2026 18:51:47 GMT","","","","en","1.1","","","","","","https://knightlogics.com/web-designer-largo","2026-07-25 14:51:46"
"https://knightlogics.com/pricing?openPackage=ecommerce-care-standard","","0","Blocked by robots.txt","Non-Indexable","Blocked by robots.txt","","0","0","","0","0","","0","","0","","0","","0","","","","","","","","","","0","0","0","0.000","","0","","","","","0.000","2","0","","1","1","0","1.010","0","0","0","0","0","0","","","","","","","","","","","","None","","","","","","https://knightlogics.com/pricing?openPackage=ecommerce-care-standard","2026-07-25 14:51:46"
"https://knightlogics.com/pricing?openPackage=ops-simple-lead-tracker","","0","Blocked by robots.txt","Non-Indexable","Blocked by robots.txt","","0","0","","0","0","","0","","0","","0","","0","","","","","","","","","","0","0","0","0.000","","0","","","","","0.000","2","0","","1","1","0","1.010","0","0","0","0","0","0","","","","","","","","","","","","None","","","","","","https://knightlogics.com/pricing?openPackage=ops-simple-lead-tracker","2026-07-25 14:51:46"
"https://knightlogics.com/pricing?openPackage=care-website","","0","Blocked by robots.txt","Non-Indexable","Blocked by robots.txt","","0","0","","0","0","","0","","0","","0","","0","","","","","","","","","","0","0","0","0.000","","0","","","","","0.000","2","0","","1","1","0","1.010","0","0","0","0","0","0","","","","","","","","","","","","None","","","","","","https://knightlogics.com/pricing?openPackage=care-website","2026-07-25 14:51:46"
"https://knightlogics.com/pricing?openPackage=website-authority-network","","0","Blocked by robots.txt","Non-Indexable","Blocked by robots.txt","","0","0","","0","0","","0","","0","","0","","0","","","","","","","","","","0","0","0","0.000","","0","","","","","0.000","2","0","","3","2","0","2.020","0","0","0","0","0","0","","","","","","","","","","","","None","","","","","","https://knightlogics.com/pricing?openPackage=website-authority-network","2026-07-25 14:51:46"
"https://knightlogics.com/pricing?openPackage=ecommerce-payment-links","","0","Blocked by robots.txt","Non-Indexable","Blocked by robots.txt","","0","0","","0","0","","0","","0","","0","","0","","","","","","","","","","0","0","0","0.000","","0","","","","","0.000","2","0","","1","1","0","1.010","0","0","0","0","0","0","","","","","","","","","","","","None","","","","","","https://knightlogics.com/pricing?openPackage=ecommerce-payment-links","2026-07-25 14:51:46"
"https://knightlogics.com/book-consultation?package=addon-new-business-launch-kit","","0","Blocked by robots.txt","Non-Indexable","Blocked by robots.txt","","0","0","","0","0","","0","","0","","0","","0","","","","","","","","","","0","0","0","0.000","","0","","","","","0.000","2","0","","1","1","0","1.010","0","0","0","0","0","0","","","","","","","","","","","","None","","","","","","https://knightlogics.com/book-consultation?package=addon-new-business-launch-kit","2026-07-25 14:51:46"
"https://knightlogics.com/pricing?openPackage=ecommerce-care-lite","","0","Blocked by robots.txt","Non-Indexable","Blocked by robots.txt","","0","0","","0","0","","0","","0","","0","","0","","","","","","","","","","0","0","0","0.000","","0","","","","","0.000","2","0","","1","1","0","1.010","0","0","0","0","0","0","","","","","","","","","","","","None","","","","","","https://knightlogics.com/pricing?openPackage=ecommerce-care-lite","2026-07-25 14:51:46"
"https://knightlogics.com/web-designer-holiday","text/html; charset=utf-8","200","OK","Indexable","","Web Design Holiday FL | Hand-Coded Sites That Rank","50","474","Web design Holiday FL — hand-coded sites for Pasco County service businesses with local SEO, GBP alignment, and Tampa Bay case studies. Free audit.","147","939","Holiday web designer, web design Holiday FL, Holiday website designer, local SEO Holiday, Pasco County web design","113","Holiday Web Designer for Service Businesses","43","Talk Through Your Project","25","Why Holiday needs a stronger website than a template","52","","","","https://knightlogics.com/web-designer-holiday","","","","","","40260","9818","9818","1.455","","1553","224","6.933","60.450","Normal","27.160","2","0","","24","21","0","21.210","61","36","0","0","0","0","","","","","ec73eedbfa09d15e7240e1d911955431","0.165","Sat, 25 Jul 2026 18:51:47 GMT","","","","en","1.1","","","","","","https://knightlogics.com/web-designer-holiday","2026-07-25 14:51:46"
"https://knightlogics.com/script.js?v=20260712proof1","application/javascript; charset=utf-8","200","OK","Indexable","","","0","0","","0","0","","0","","0","","0","","0","","","","","","","","","","0","0","0","0.000","","0","","","","","0.000","2","0","","0","0","0","0.000","0","0","0","0","0","0","","","","","","0.040","Sat, 25 Jul 2026 17:53:49 GMT","","","","","1.1","","","","","","https://knightlogics.com/script.js?v=20260712proof1","2026-07-25 14:51:46"
"https://knightlogics.com/package-storefront","text/html; charset=utf-8","200","OK","Indexable","","Storefront Packages (from $750) | Knight Logics","47","430","Storefront packages from $750 — preview, payment-link, launch, growth, and advanced commerce tiers with exact scope and upgrade paths.","134","869","","0","Storefront Packages","19","Package tiers","13","Storefront Preview — $750","25","","","","https://knightlogics.com/package-storefront","","","","","","15238","4461","4461","0.661","","793","131","6.053","52.081","Fairly Hard","35.867","2","0","","1","1","0","1.010","9","7","0","3","2","0","","","","","151996be7bc9359ef7b03a1e0dedcec9","0.146","Sat, 25 Jul 2026 18:51:47 GMT","","","","en","1.1","","","","","","https://knightlogics.com/package-storefront","2026-07-25 14:51:46"
"https://knightlogics.com/pricing/package-catalog.generated.js?v=20260725catalog1","application/javascript; charset=utf-8","200","OK","Indexable","","","0","0","","0","0","","0","","0","","0","","0","","","","","","","","","","0","0","0","0.000","","0","","","","","0.000","2","1","","0","0","0","0.000","0","0","0","0","0","0","","","","","","0.105","Sat, 25 Jul 2026 17:53:49 GMT","","","","","1.1","","","","","","https://knightlogics.com/pricing/package-catalog.generated.js?v=20260725catalog1","2026-07-25 14:51:46"
"https://knightlogics.com/images/service-areas/largo.jpg","image/jpeg","200","OK","Indexable","","","0","0","","0","0","","0","","0","","0","","0","","","","","","","","","","226791","226791","226791","33.610","","0","","","","","0.000","3","2","","0","0","0","0.000","0","0","0","0","0","0","","","","","","0.148","Sat, 25 Jul 2026 18:51:47 GMT","","","","","1.1","","","","","","https://knightlogics.com/images/service-areas/largo.jpg","2026-07-25 14:51:46"
"https://knightlogics.com/images/service-areas/holiday.jpg","image/jpeg","200","OK","Indexable","","","0","0","","0","0","","0","","0","","0","","0","","","","","","","","","","251708","251708","251708","37.303","","0","","","","","0.000","3","2","","0","0","0","0.000","0","0","0","0","0","0","","","","","","0.186","Sat, 25 Jul 2026 18:51:47 GMT","","","","","1.1","","","","","","https://knightlogics.com/images/service-areas/holiday.jpg","2026-07-25 14:51:46"
"https://knightlogics.com/images/service-areas/plant-city.jpg","image/jpeg","200","OK","Indexable","","","0","0","","0","0","","0","","0","","0","","0","","","","","","","","","","224562","224562","224562","33.280","","0","","","","","0.000","3","2","","0","0","0","0.000","0","0","0","0","0","0","","","","","","0.144","Sat, 25 Jul 2026 18:51:47 GMT","","","","","1.1","","","","","","https://knightlogics.com/images/service-areas/plant-city.jpg","2026-07-25 14:51:46"
"https://knightlogics.com/images/service-areas/wesley-chapel.jpg","image/jpeg","200","OK","Indexable","","","0","0","","0","0","","0","","0","","0","","0","","","","","","","","","","228299","228299","228299","33.834","","0","","","","","0.000","3","2","","0","0","0","0.000","0","0","0","0","0","0","","","","","","0.239","Sat, 25 Jul 2026 18:51:47 GMT","","","","","1.1","","","","","","https://knightlogics.com/images/service-areas/wesley-chapel.jpg","2026-07-25 14:51:46"
"https://knightlogics.com/script.js?v=20260715seo1","application/javascript; charset=utf-8","200","OK","Indexable","","","0","0","","0","0","","0","","0","","0","","0","","","","","","","","","","0","0","0","0.000","","0","","","","","0.000","3","0","","0","0","0","0.000","0","0","0","0","0","0","","","","","","0.105","Sat, 25 Jul 2026 17:53:49 GMT","","","","","1.1","","","","","","https://knightlogics.com/script.js?v=20260715seo1","2026-07-25 14:51:46"
"https://knightlogics.com/images/service-areas/oldsmar.jpg","image/jpeg","200","OK","Indexable","","","0","0","","0","0","","0","","0","","0","","0","","","","","","","","","","182137","182137","182137","26.993","","0","","","","","0.000","3","2","","0","0","0","0.000","0","0","0","0","0","0","","","","","","0.241","Sat, 25 Jul 2026 18:51:47 GMT","","","","","1.1","","","","","","https://knightlogics.com/images/service-areas/oldsmar.jpg","2026-07-25 14:51:46"
"https://knightlogics.com/images/service-areas/brandon.jpg","image/jpeg","200","OK","Indexable","","","0","0","","0","0","","0","","0","","0","","0","","","","","","","","","","179723","179723","179723","26.635","","0","","","","","0.000","3","2","","0","0","0","0.000","0","0","0","0","0","0","","","","","","0.213","Sat, 25 Jul 2026 18:51:47 GMT","","","","","1.1","","","","","","https://knightlogics.com/images/service-areas/brandon.jpg","2026-07-25 14:51:46"
"https://knightlogics.com/style.css?v=20260715seo1","text/css; charset=utf-8","200","OK","Indexable","","","0","0","","0","0","","0","","0","","0","","0","","","","","","","","","","0","0","0","0.000","","0","","","","","0.000","3","0","","0","0","0","0.000","0","0","0","0","0","0","","","","","","0.173","Sat, 25 Jul 2026 17:53:49 GMT","","","","","1.1","","","","","","https://knightlogics.com/style.css?v=20260715seo1","2026-07-25 14:51:46"
"https://knightlogics.com/images/service-areas/tarpon-springs.jpg","image/jpeg","200","OK","Indexable","","","0","0","","0","0","","0","","0","","0","","0","","","","","","","","","","144153","144153","144153","21.363","","0","","","","","0.000","3","2","","0","0","0","0.000","0","0","0","0","0","0","","","","","","0.212","Sat, 25 Jul 2026 18:51:47 GMT","","","","","1.1","","","","","","https://knightlogics.com/images/service-areas/tarpon-springs.jpg","2026-07-25 14:51:46"
"https://knightlogics.com/images/service-areas/temple-terrace.jpg","image/jpeg","200","OK","Indexable","","","0","0","","0","0","","0","","0","","0","","0","","","","","","","","","","181946","181946","181946","26.964","","0","","","","","0.000","3","2","","0","0","0","0.000","0","0","0","0","0","0","","","","","","0.201","Sat, 25 Jul 2026 18:51:48 GMT","","","","","1.1","","","","","","https://knightlogics.com/images/service-areas/temple-terrace.jpg","2026-07-25 14:51:46"
"https://knightlogics.com/images/service-areas/dunedin.jpg","image/jpeg","200","OK","Indexable","","","0","0","","0","0","","0","","0","","0","","0","","","","","","","","","","265053","265053","265053","39.281","","0","","","","","0.000","3","2","","0","0","0","0.000","0","0","0","0","0","0","","","","","","0.186","Sat, 25 Jul 2026 18:51:48 GMT","","","","","1.1","","","","","","https://knightlogics.com/images/service-areas/dunedin.jpg","2026-07-25 14:51:47"
"https://knightlogics.com/images/service-areas/new-port-richey.jpg","image/jpeg","200","OK","Indexable","","","0","0","","0","0","","0","","0","","0","","0","","","","","","","","","","191932","191932","191932","28.444","","0","","","","","0.000","3","2","","0","0","0","0.000","0","0","0","0","0","0","","","","","","0.209","Sat, 25 Jul 2026 18:51:48 GMT","","","","","1.1","","","","","","https://knightlogics.com/images/service-areas/new-port-richey.jpg","2026-07-25 14:51:47"
"https://knightlogics.com/images/service-areas/seminole.jpg","image/jpeg","200","OK","Indexable","","","0","0","","0","0","","0","","0","","0","","0","","","","","","","","","","323263","323263","323263","47.908","","0","","","","","0.000","3","2","","0","0","0","0.000","0","0","0","0","0","0","","","","","","0.246","Sat, 25 Jul 2026 18:51:48 GMT","","","","","1.1","","","","","","https://knightlogics.com/images/service-areas/seminole.jpg","2026-07-25 14:51:47"
"https://knightlogics.com/images/service-areas/land-o-lakes.jpg","image/jpeg","200","OK","Indexable","","","0","0","","0","0","","0","","0","","0","","0","","","","","","","","","","170365","170365","170365","25.248","","0","","","","","0.000","3","2","","0","0","0","0.000","0","0","0","0","0","0","","","","","","0.194","Sat, 25 Jul 2026 18:51:48 GMT","","","","","1.1","","","","","","https://knightlogics.com/images/service-areas/land-o-lakes.jpg","2026-07-25 14:51:47"
"https://knightlogics.com/images/service-areas/lutz.jpg","image/jpeg","200","OK","Indexable","","","0","0","","0","0","","0","","0","","0","","0","","","","","","","","","","343756","343756","343756","50.945","","0","","","","","0.000","3","2","","0","0","0","0.000","0","0","0","0","0","0","","","","","","0.223","Sat, 25 Jul 2026 18:51:48 GMT","","","","","1.1","","","","","","https://knightlogics.com/images/service-areas/lutz.jpg","2026-07-25 14:51:47"
"https://knightlogics.com/images/service-areas/pinellas-park.jpg","image/jpeg","200","OK","Indexable","","","0","0","","0","0","","0","","0","","0","","0","","","","","","","","","","303144","303144","303144","44.926","","0","","","","","0.000","3","2","","0","0","0","0.000","0","0","0","0","0","0","","","","","","0.192","Sat, 25 Jul 2026 18:51:48 GMT","","","","","1.1","","","","","","https://knightlogics.com/images/service-areas/pinellas-park.jpg","2026-07-25 14:51:47"
"https://knightlogics.com/images/service-areas/riverview.jpg","image/jpeg","200","OK","Indexable","","","0","0","","0","0","","0","","0","","0","","0","","","","","","","","","","300765","300765","300765","44.573","","0","","","","","0.000","3","2","","0","0","0","0.000","0","0","0","0","0","0","","","","","","0.183","Sat, 25 Jul 2026 18:51:48 GMT","","","","","1.1","","","","","","https://knightlogics.com/images/service-areas/riverview.jpg","2026-07-25 14:51:47"
"https://knightlogics.com/images/city%20hero.webp","image/webp","200","OK","Indexable","","","0","0","","0","0","","0","","0","","0","","0","","","","","","","","","","98294","98294","98294","14.567","","0","","","","","0.000","3","1","","0","0","0","0.000","0","0","0","0","0","0","","","","","","0.227","Sat, 25 Jul 2026 18:51:48 GMT","","","","","1.1","","","","","","https://knightlogics.com/images/city%20hero.webp","2026-07-25 14:51:47"
"https://knightlogics.com/images/showcase/roof-monsters-showcase-800.webp","image/webp","200","OK","Indexable","","","0","0","","0","0","","0","","0","","0","","0","","","","","","","","","","33668","33668","33668","4.990","","0","","","","","0.000","3","2","","0","0","0","0.000","0","0","0","0","0","0","","","","","","0.140","Sat, 25 Jul 2026 18:51:48 GMT","","","","","1.1","","","","","","https://knightlogics.com/images/showcase/roof-monsters-showcase-800.webp","2026-07-25 14:51:47"
"https://knightlogics.com/business-dashboard-development","text/html; charset=utf-8","200","OK","Indexable","","Business Dashboard Development | Knight Logics","46","441","Business dashboard development — owner views for leads, outreach, referrals, and job pipeline across Tampa Bay growth stacks.","125","798","business dashboard development, owner KPI dashboard, growth metrics dashboard","77","Business Dashboard Development & KPI Reporting","46","Owner-readable metrics — not vanity traffic","43","Owners log into five tools and still do not know what needs attention","69","","","","https://knightlogics.com/business-dashboard-development","","","","","","26314","5662","5662","0.839","","792","142","5.577","55.474","Fairly Hard","20.905","3","0","","5","2","0","2.020","14","9","0","0","0","0","","","","","1cefb244f5c1ec777c0e339502a2fbaa","0.140","Sat, 25 Jul 2026 18:51:48 GMT","","","","en","1.1","","","","","","https://knightlogics.com/business-dashboard-development","2026-07-25 14:51:47"
"https://knightlogics.com/images/showcase/hospitality-events-hours-mockup.webp","image/webp","200","OK","Indexable","","","0","0","","0","0","","0","","0","","0","","0","","","","","","","","","","29388","29388","29388","4.355","","0","","","","","0.000","3","2","","0","0","0","0.000","0","0","0","0","0","0","","","","","","0.158","Sat, 25 Jul 2026 18:51:48 GMT","","","","","1.1","","","","","","https://knightlogics.com/images/showcase/hospitality-events-hours-mockup.webp","2026-07-25 14:51:47"
"https://knightlogics.com/images/added-media/indexing.png","image/png","200","OK","Indexable","","","0","0","","0","0","","0","","0","","0","","0","","","","","","","","","","80393","80393","80393","11.914","","0","","","","","0.000","3","2","","0","0","0","0.000","0","0","0","0","0","0","","","","","","0.266","Sat, 25 Jul 2026 18:51:48 GMT","","","","","1.1","","","","","","https://knightlogics.com/images/added-media/indexing.png","2026-07-25 14:51:47"
"https://knightlogics.com/electrician-business-growth-systems","text/html; charset=utf-8","200","OK","Indexable","","Electrician Growth Systems | Knight Logics","42","381","Electrician growth systems for Tampa Bay — starter and search-ready websites, local SEO, Google Business alignment, and referral network onboarding for…","152","965","electrician website Tampa, electrical contractor SEO, electrician local SEO Florida","83","Growth Systems for Electricians","31","Open electrician lane — recruit into the network","48","Growth stack + referral network for your trade","46","","","","https://knightlogics.com/electrician-business-growth-systems","","","","","","30542","6266","6266","0.929","","1161","189","6.143","55.592","Fairly Hard","25.782","3","0","","4","2","0","2.020","20","10","0","0","0","0","","","","","3f6b5a882031b38b9141e45a6fef0bc8","0.090","Sat, 25 Jul 2026 18:51:48 GMT","","","","en","1.1","","","","","","https://knightlogics.com/electrician-business-growth-systems","2026-07-25 14:51:47"
"https://knightlogics.com/painter-business-growth-systems","text/html; charset=utf-8","200","OK","Indexable","","Painter Growth Systems | Knight Logics","38","353","Painter growth systems for Tampa Bay — search-ready websites, portfolio SEO, Google Business alignment, and referral network onboarding for painting…","149","952","painter website Tampa Bay, painting contractor SEO, house painter local SEO","75","Growth Systems for Painting Companies","37","Open painting lane — search-ready recruitment","45","Growth stack + referral network for your trade","46","","","","https://knightlogics.com/painter-business-growth-systems","","","","","","28948","5968","5968","0.884","","1031","175","5.891","57.585","Fairly Hard","24.310","3","0","","4","2","0","2.020","20","10","0","0","0","0","","","","","5f50fe5a8d3e58ea96199df6d83b8450","0.228","Sat, 25 Jul 2026 18:51:48 GMT","","","","en","1.1","","","","","","https://knightlogics.com/painter-business-growth-systems","2026-07-25 14:51:47"
"https://knightlogics.com/screen-enclosure-business-growth-systems","text/html; charset=utf-8","200","OK","Indexable","","Screen Enclosure Trade Growth Systems | Knight Logics","53","499","Screen enclosure growth systems for Tampa Bay — quote-first websites, city and pool-type SEO, Google Business alignment, and CRM follow-up for enclosure…","153","979","screen enclosure website Tampa, pool cage SEO Tampa Bay, screen room local SEO","78","Growth Systems for Screen Enclosure Companies","45","Quote-first trade needs city and pool-type depth","48","Growth stack + referral network for your trade","46","","","","https://knightlogics.com/screen-enclosure-business-growth-systems","","","","","","29060","6069","6069","0.899","","1090","164","6.646","69.852","Normal","23.946","3","0","","4","2","0","2.020","20","12","0","0","0","0","","","","","92cd03dec301eaa26f41c1d72bc157ea","0.165","Sat, 25 Jul 2026 18:51:48 GMT","","","","en","1.1","","","","","","https://knightlogics.com/screen-enclosure-business-growth-systems","2026-07-25 14:51:47"
"https://knightlogics.com/handyman-business-growth-systems","text/html; charset=utf-8","200","OK","Indexable","","Handyman Trade Growth Systems | Knight Logics","45","441","Handyman growth systems for Tampa Bay — estimate-first sites, city pages, CRM outreach, and referral network slots.","115","732","handyman website Tampa Bay, handyman local SEO, handyman booking website","72","Growth Systems for Handyman Companies","37","Handyman network anchor — Knight Group benchmark","48","Growth stack + referral network for your trade","46","","","","https://knightlogics.com/handyman-business-growth-systems","","","","","","29566","6392","6392","0.947","","1195","179","6.676","69.017","Normal","26.234","3","0","","2","2","0","2.020","20","11","0","0","0","0","","","","","b78beec961cc029f949ae2c0d8c2d412","0.186","Sat, 25 Jul 2026 18:51:48 GMT","","","","en","1.1","","","","","","https://knightlogics.com/handyman-business-growth-systems","2026-07-25 14:51:47"
"https://knightlogics.com/images/farrell-hero.webp","image/webp","200","OK","Indexable","","","0","0","","0","0","","0","","0","","0","","0","","","","","","","","","","66086","66086","66086","9.794","","0","","","","","0.000","4","1","","0","0","0","0.000","0","0","0","0","0","0","","","","","","0.120","Sat, 25 Jul 2026 18:51:48 GMT","","","","","1.1","","","","","","https://knightlogics.com/images/farrell-hero.webp","2026-07-25 14:51:47"
"https://knightlogics.com/images/added-media/embedded%20Google%20map%20and%20reviews%20carousel.png","image/png","200","OK","Indexable","","","0","0","","0","0","","0","","0","","0","","0","","","","","","","","","","400722","400722","400722","59.387","","0","","","","","0.000","3","2","","0","0","0","0.000","0","0","0","0","0","0","","","","","","0.216","Sat, 25 Jul 2026 18:51:48 GMT","","","","","1.1","","","","","","https://knightlogics.com/images/added-media/embedded%20Google%20map%20and%20reviews%20carousel.png","2026-07-25 14:51:47"
"https://knightlogics.com/images/screen-team-showcase-400.webp","image/webp","200","OK","Indexable","","","0","0","","0","0","","0","","0","","0","","0","","","","","","","","","","22872","22872","22872","3.390","","0","","","","","0.000","4","1","","0","0","0","0.000","0","0","0","0","0","0","","","","","","0.105","Sat, 25 Jul 2026 18:51:48 GMT","","","","","1.1","","","","","","https://knightlogics.com/images/screen-team-showcase-400.webp","2026-07-25 14:51:47"
"https://knightlogics.com/images/screen-team-hero.webp","image/webp","200","OK","Indexable","","","0","0","","0","0","","0","","0","","0","","0","","","","","","","","","","128142","128142","128142","18.991","","0","","","","","0.000","4","1","","0","0","0","0.000","0","0","0","0","0","0","","","","","","0.142","Sat, 25 Jul 2026 18:51:48 GMT","","","","","1.1","","","","","","https://knightlogics.com/images/screen-team-hero.webp","2026-07-25 14:51:47"
"https://knightlogics.com/images/knight-group-website.webp","image/webp","200","OK","Indexable","","","0","0","","0","0","","0","","0","","0","","0","","","","","","","","","","97764","97764","97764","14.489","","0","","","","","0.000","4","1","","0","0","0","0.000","0","0","0","0","0","0","","","","","","0.137","Sat, 25 Jul 2026 18:51:48 GMT","","","","","1.1","","","","","","https://knightlogics.com/images/knight-group-website.webp","2026-07-25 14:51:47"
"https://knightlogics.com/images/KnightGroup-HomeImage.webp","image/webp","200","OK","Indexable","","","0","0","","0","0","","0","","0","","0","","0","","","","","","","","","","31534","31534","31534","4.673","","0","","","","","0.000","4","1","","0","0","0","0.000","0","0","0","0","0","0","","","","","","0.165","Sat, 25 Jul 2026 18:51:48 GMT","","","","","1.1","","","","","","https://knightlogics.com/images/KnightGroup-HomeImage.webp","2026-07-25 14:51:47"
"https://knightlogics.com/images/knight-group-hero.webp","image/webp","200","OK","Indexable","","","0","0","","0","0","","0","","0","","0","","0","","","","","","","","","","108090","108090","108090","16.019","","0","","","","","0.000","4","1","","0","0","0","0.000","0","0","0","0","0","0","","","","","","0.239","Sat, 25 Jul 2026 18:51:48 GMT","","","","","1.1","","","","","","https://knightlogics.com/images/knight-group-hero.webp","2026-07-25 14:51:47"
